Abacus10 Abased9 Abasia8 Abasic10 Abated9 Abates8 Abatic10 Abatis8 Abator8 Abbacy15 Abbess10 Abbeys13 Abbots10 Abduce11 Abduct11 Abelia8 Abhors11 Abided10 Abides9 Abient8 Abject17 Abjure15 Abkhaz24 Ablate8 Ablaut8 Ablaze17 Ablest8 Ablism10 Abloom10 Abnaki12 Aboard9 Abodes9 Aborad9 Aboral8 Aborts8 Abound9 Abrade9 Abrase8 Abroad9 Abrupt10 Abscam12 Abseil8 Absent8 Absorb10 Absurd9 Abulia8 Abulic10 Abused9 Abuser8 Abuses8 Abvolt11 Abwatt11 Acacia10 Acadia9 Acarid9 Acarus8 Accede11 Accent10 Accept12 Access10 Accord11 Accost10 Accrue10 Accuse10 Acedia9 Acetal8 Acetic10 Acetin8 Acetum10 Acetyl11 Achene11 Aching12 Achira11 Acidic11 Acidly12 Acinar8 Acinic10 Acinus8 Ack-ack18 Acorea8 Acorns8 Acosta8 Acquit17 Across8 Acting9 Action8 Active11 Actors8 Actual8 Acuate8 Acuity11 Aculea8 Acumen10 Acuter8 Adages8 Adagio8 Adalia7 Adapts9 Addams10 Addend9 Adders8 Addict10 Adding9 Addled9 Addles8 Adduce10 Adduct10 Adepts9 Adhere10 Adient7 Adieus7 Adieux14 Adjoin14 Adjure14 Adjust14 Adlibs9 Admass9 Admire9 Admits9 Adnate7 Adnexa14 Adnoun7 Adonic9 Adonis7 Adopts9 Adored8 Adorer7 Adores7 Adorns7 Adrian7 Adrift10 Adroit7 Adsorb9 Adults7 Advect12 Advent10 Adverb12 Advert10 Advice12 Advise10 Aecial8 Aecium10 Aegean7 Aegina7 Aerate6 Aerial6 Aerify12 Aerobe8 Aether9 Aetnas6 Afeard10 Affair12 Affect14 Affine12 Affirm14 Afflux19 Afford13 Affray15 Afghan13 Afield10 Aflame11 Aflare9 Afloat9 Afraid10 Afresh12 Africa11 Afters9 Agamic11 Agamid10 Agaric9 Agates7 Agaves10 Age-old8 Ageing8 Ageism9 Agency12 Agenda8 Agents7 Ageold8 Aghast10 Agiler7 Agings8 Agleam9 Agnail7 Agnate7 Agnise7 Agnize16 Agonal7 Agouti7 Agreed8 Agrees7 Aguish10 Ahimsa11 Ahorse9 Aiders7 Aiding8 Aiglet7 Aigret7 Aikido11 Ailing7 Aiming9 Air-dry10 Airbus8 Airgun7 Airier6 Airily9 Airing7 Airman8 Airmen8 Airway12 Aisles6 Akimbo14 Alalia6 Alarms8 Alarum8 Alaska10 Alated7 Albany11 Albedo9 Albeit8 Albino8 Albion8 Albite8 Albuca10 Albums10 Alcove11 Aldose7 Aldrin7 Aldwin10 Aleman8 Alerts6 Alexia13 Alexic15 Algoid8 Alibis8 Alicea8 Alidad8 Aliens6 Alight10 Aligns7 Alined7 Alines6 Alison6 Aliyah12 Alkali10 Alkane10 Alkene10 Alkyne13 All-out6 Allays9 Allbee8 Allege7 Allele6 Allene6 Alleys9 Allice8 Allied7 Allies6 Allots6 Allows9 Alloys9 Allude7 Allure6 Almond9 Almost8 Alpaca10 Alphas11 Alpine8 Alston6 Altaic8 Altars6 Alters6 Althea9 Alular6 Alumna8 Alumni8 Alvine9 Always12 Alysia9 Amadeo9 Amazed18 Amazes17 Amazon17 Ambage11 Ambled11 Ambler10 Ambles10 Ambush13 Ameban10 Amebic12 Amelia8 Amends9 Amenia8 Amerce10 Amidst9 Amines8 Aminic10 Ammine10 Ammino10 Amnion8 Amnios8 Amoeba10 Amoral8 Amount8 Amours8 Ampere10 Ampler10 Ampule10 Ampuls10 Amulet8 Amused9 Amuses8 Amylum13 Amyxia18 Anally9 Analog7 Ananas6 Anchor11 Andean7 Anders7 Anding8 Andrea7 Andrew10 Andria7 Anemia8 Anemic10 Anergy10 Angell7 Angelo7 Angels7 Angers7 Angina7 Angled8 Angler7 Angles7 Anglin7 Angola7 Angora7 Angstrom11 Anibal8 Animal8 Animus8 Anions6 Ankara10 Ankles10 Anklet10 Anlage7 Annals6 Anneal6 Annexa13 Annexe13 Annoys9 Annual6 Annuli6 Annuls6 Anodal7 Anodes7 Anodic9 Anoint6 Anomia8 Anomic10 Anomie8 Anonym11 Anopia8 Anorak10 Anoxia13 Anoxic15 Answer9 Anthea9 Anthem11 Anther9 Antics8 Antler6 Antral6 Antrum8 Anuran6 Anuria6 Anuric8 Anvils9 Anyhow15 Anyone9 Anyway15 Aorist6 Aortal6 Aortas6 Aortic8 Aoudad8 Apache13 Apathy14 Ape-man10 Apeman10 Apercu10 Aperea8 Aphids12 Apiary11 Apical10 Apiece10 Aplite8 Aplomb12 Apneic10 Apnoea8 Apodal9 Apogee9 Apollo8 Appall10 Appals10 Appeal10 Appear10 Append11 Apples10 Applet10 Appose10 Aprons8 Aptest8 Arabia8 Arabic10 Arable8 Aralia6 Arango7 Ararat6 Arbour8 Arcade9 Arcana8 Arcane8 Arccos10 Arched12 Archer11 Arches11 Archie11 Archil11 Archly14 Arcing9 Arcsec10 Arcsin8 Arctan8 Arctic10 Ardent7 Ardour7 Arenas6 Areola6 Argali7 Argent7 Argive10 Argosy10 Argued8 Arguer7 Argues7 Argufy13 Argyle10 Argyll10 Aright10 Ariled7 Ariose6 Arioso6 Arisen6 Arises6 Arista6 Arlene6 Arline6 Arlyne9 Armada9 Armand9 Armful11 Armies8 Arming9 Armlet8 Armond9 Armory11 Armour8 Armpit10 Arnica8 Aromas8 Around7 Arouse6 Arpent8 Arrack12 Arrant6 Arrays9 Arrest6 Arrive9 Arroba8 Arrows9 Arroyo9 Arsine6 Arsons6 Artery9 Artful9 Arthur9 Artier6 Artist6 Ascend9 Ascent8 Ascoma10 Ash-bin11 Ash-key16 Ash-pan11 Ashbin11 Ashcan11 Ashlar9 Ashlee9 Ashley12 Ashlys12 Ashore9 Ashram11 Asians6 Asides7 Askant10 Askers10 Asking11 Aslant6 Asleep8 Aslope8 Aspect10 Aspire8 Assail6 Assays9 Assent6 Assert6 Assess6 Assets6 Assign7 Assist6 Assize15 Assoil6 Assort6 Assume8 Assure6 Astern6 Asters6 Asthma11 Astral6 Astray9 Astute6 Asylum11 Atalie6 Ataxia13 Ataxic15 Athena9 Athens9 Atolls6 Atomic10 Atonal6 Atoned7 Atones6 Atonia6 Atonic8 Atoxic15 Atrial6 Atrium8 Attach11 Attack12 Attain6 Attend7 Attest6 Attics8 Attila6 Attire6 Attorn6 Attune6 Atwood10 Aubert8 Aubrey11 Auburn8 Audile7 Audits7 Augean7 Augend8 Augers7 Augite7 Augurs7 Augury10 August7 Auklet10 Auntie6 Aupair8 Aurify12 Aurora6 Aurous6 Auspex15 Aussie6 Auteur6 Author9 Autism8 Autumn8 Avails9 Avaram11 Avatar9 Avenge10 Avenue9 Averse9 Averts9 Aviary12 Aviate9 Avidly13 Avions9 Avocet11 Avoids10 Avouch14 Avowal12 Avowed13 Avower12 Avulse9 Awaits9 Awaken13 Awakes13 Awards10 Aweary12 Aweigh13 Awheel12 Awhile12 Awless9 Awning10 Awoken13 Axeman15 Axenic15 Axilla13 Axioms15 Axonal13 Axseed14 Aye-aye12 Azalea15 Azalia15 Azonal15 Azonic17 Azores15 Azotic17 Aztecs17 Azygos19 Azymia20 B-meson10 Baaing9 Babble12 Babies10 Baboon10 Baches13 Backed15 Backer14 Backup16 Baddie10 Badens9 Badged11 Badger10 Badges10 Baffle14 Bagdad11 Bagels9 Bagful12 Bagged11 Bagger10 Baggie10 Bagman11 Bagmen11 Bagnio9 Baguet9 Bailed9 Bailee8 Bailey11 Bailie8 Bailin8 Bailor8 Baited9 Baitin8 Bakers12 Bakery15 Baking13 Balata8 Balboa10 Balder9 Baldin9 Baldly12 Baleen8 Baling9 Balker12 Ballad9 Balled9 Ballet8 Ballin8 Ballon8 Ballot8 Ballup10 Balsam10 Baltic10 Bamboo12 Banana8 Banded10 Bandit9 Bang-up11 Banged10 Banger9 Bangin9 Bangle9 Banian8 Banish11 Banked13 Banker12 Banned9 Banner8 Bannin8 Bantam10 Banter8 Banyan11 Banzai17 Baobab12 Barbed11 Barbel10 Barber10 Barbet10 Barbie10 Barcos10 Bardic11 Barely11 Barest8 Barged10 Bargee9 Barges9 Barile8 Baring9 Barite8 Barium10 Barked13 Barker12 Barley11 Barlow11 Barman10 Barmen10 Barnum10 Barong9 Barons8 Barony11 Barque17 Barred9 Barrel8 Barren8 Barrio8 Barris8 Barrow11 Bartel8 Barter8 Bartle8 Bartow11 Baryon11 Baryta11 Basalt8 Basely11 Basest8 Bashed12 Bashes11 Basics10 Basify14 Basing9 Basins8 Basked13 Basket12 Basque17 Basses8 Basset8 Basted9 Baster8 Baston8 Basuco10 Bathed12 Bather11 Bathes11 Bathos11 Batiks12 Bating9 Batman10 Batmen10 Batons8 Batted9 Batten8 Batter8 Battle8 Batton8 Battue8 Bauble10 Baulks12 Baulky15 Bawbee13 Bawdry15 Bawled12 Bawler11 Bawlin11 Baxter15 Baying12 Baylis11 Bayman13 Bazaar17 Beachy16 Beacon10 Beaded10 Beadle9 Beagle9 Beaked13 Beaker12 Beamed11 Beamer10 Beaner8 Beanie8 Beards9 Bearer8 Beasts8 Beat-up10 Beaten8 Beater8 Beatin8 Beatup10 Beauts8 Beauty11 Beaver11 Becalm12 Became12 Becket14 Beckon14 Become12 Bed-hop14 Bedamn11 Bedaub11 Bedaze18 Bedbug12 Bedded11 Bedder10 Bedeck15 Bedhop14 Bedlam11 Bedpan11 Bedrid10 Bedsit9 Beeper10 Beetle8 Befall11 Befell11 Befits11 Befool11 Before11 Befoul11 Begets9 Beggar10 Begged11 Begild10 Begins9 Begone9 Behalf14 Behave14 Behead12 Beheld12 Behest11 Behind12 Behold12 Behove14 Beigel9 Beiges9 Beings9 Beirne8 Beirut8 Belays11 Beldam11 Belfry14 Belied9 Belief11 Belier8 Belies8 Belike12 Belled9 Belles8 Bellis8 Bellow11 Belong9 Belted9 Belter8 Belton8 Beluga9 Belvia11 Bemire10 Bemoan10 Bemock16 Bemuse10 Bended10 Bendel9 Bender9 Bengal9 Benham13 Benign9 Bennet8 Bennie8 Benumb12 Benzol17 Benzyl20 Berate8 Berber10 Bereft11 Berets8 Bergen9 Berget9 Berlin8 Bertha11 Berths11 Beseem10 Besets8 Beside9 Bespot10 Bestie8 Bestir8 Bestow11 Bethel11 Betide9 Betise8 Betray11 Betsey11 Betted9 Better8 Bettor8 Bevels11 Bewail11 Beware11 Bewray14 Beyond12 Bezant17 Bhakti15 Biased9 Biases8 Biaxal15 Bibbed13 Bibles10 Bicarb12 Biceps12 Bicker14 Bicorn10 Bidden10 Bidder10 Biding10 Bieber10 Biface13 Biform13 Bigamy14 Bigben11 Bigeye12 Bigger10 Biggin10 Bigler9 Bigots9 Bigram11 Bigwig13 Bijoux22 Bikers12 Biking13 Bikini12 Bilges9 Billed9 Billet8 Billon8 Billow11 Billyo11 Binary11 Binate8 Binder9 Bindle9 Binful11 Binger9 Binges9 Bingle9 Bioarm10 Bionic10 Biopsy13 Biotic10 Biotin8 Bipeds11 Bippus12 Birder9 Birdie9 Birken12 Births11 Bisect10 Bishop13 Bisons8 Bisque17 Bissau8 Bister8 Bistre8 Bistro8 Bitchy16 Biters8 Biting9 Bitmap12 Bitten8 Bitter8 Bittie8 Blabby15 Blacks14 Bladed10 Blades9 Blamed11 Blames10 Blamin10 Blanch13 Blanda9 Blanks12 Blared9 Blares8 Blasts8 Blazed18 Blazer17 Blazes17 Blazin17 Blazon17 Bleach13 Bleary11 Bleats8 Blebby15 Bleeds9 Bleeps10 Blench13 Blende9 Blends9 Blenny11 Bletia8 Blight12 Blimps12 Blinds9 Blinks12 Blintz17 Blithe11 Blobby15 Blocks14 Blocky17 Blokes12 Blolly11 Blonde9 Blonds9 Bloods9 Bloody12 Blooms10 Bloomy13 Blotch13 Blotto8 Blouse8 Blowed12 Blower11 Blowin11 Blowsy14 Blowup13 Blowzy23 Bluest8 Bluesy11 Bluffs14 Bluing9 Bluish11 Blunts8 Blurbs10 Blurry11 Blurts8 Boards9 Boasts8 Boated9 Boater8 Bobbed13 Bobber12 Bobbin12 Bobble12 Bobcat12 Boccia12 Boccie12 Bodega10 Bodice11 Bodied10 Bodies9 Bodily12 Boding10 Bodkin13 Boffin14 Bogeys12 Bogged11 Boggin10 Boggle10 Bogies9 Bogmat11 Boiled9 Boiler8 Boland9 Bolder9 Boldly12 Bolero8 Bolete8 Boleyn11 Bolger9 Bolide9 Bollen8 Bollix15 Bolshy14 Bolted9 Bolter8 Bombay15 Bombed13 Bomber12 Bombie12 Bonbon10 Bonded10 Bonduc11 Bonier8 Boning9 Bonito8 Bonnet8 Bonnie8 Bonobo10 Bonsai8 Bonxie15 Bonzer17 Boo-boo10 Booboo10 Boodle9 Booger9 Boogie9 Boohoo11 Booing9 Booked13 Booker12 Bookie12 Bookin12 Boomed11 Boomer10 Boosts8 Booted9 Bootee8 Booths11 Bootie8 Boozed18 Boozer17 Boozes17 Bopeep12 Borage9 Borate8 Border9 Boreal8 Boreas8 Borers8 Borgia9 Boring9 Borneo8 Borrow11 Borsch13 Borsht11 Borzoi17 Bosnia8 Bosoms10 Bosomy13 Bosons8 Bossed9 Bosses8 Boston8 Botany11 Botchy16 Botfly14 Botham13 Bother11 Bottle8 Bottom10 Boucle10 Bouffe14 Boughs12 Bought12 Boulle8 Bounce10 Bouncy13 Bounds9 Bounty11 Bourne8 Bovine11 Bow-tie11 Bow-wow17 Bowell11 Bowels11 Bowers11 Bowery14 Bowfin14 Bowing12 Bowled12 Bowleg12 Bowler11 Bowman13 Bowmen13 Bowsed12 Bowser11 Bowses11 Bowtie11 Boxcar17 Boxers15 Boxful18 Boxing16 Boyish14 Braced11 Bracer10 Braces10 Bracin10 Braggy13 Braham13 Brahms13 Braids9 Brains8 Brainy11 Braise8 Braked13 Brakes12 Branch13 Brands9 Brandy12 Brasil8 Brasso8 Brassy11 Bratty11 Braved12 Braver11 Braves11 Brawer11 Brawls11 Brawny14 Brayed12 Brazen17 Brazil17 Breach13 Breads9 Breaks12 Breast8 Breath11 Breech13 Breeds9 Breeze17 Breezy20 Bregma11 Breton8 Brevet11 Brewed12 Brewer11 Briard9 Briary11 Bribed11 Briber10 Bribes10 Bribin10 Bricks14 Bridal9 Brides9 Bridge10 Bridle9 Briefs11 Briers8 Briery11 Bright12 Brines8 Brings9 Brinks12 Briony11 Brisky15 Briton8 Broach13 Broder9 Brogan9 Brogue9 Broils8 Broken12 Broker12 Brokin12 Brolly11 Bromic12 Bronco10 Bronze17 Bronzy20 Brooch13 Broods9 Broody12 Brooks12 Brooms10 Broths11 Browns11 Browse11 Bruges9 Bruise8 Brumal10 Brunch13 Brunei8 Brunet8 Brunos8 Brunts8 Brushy14 Brutal8 Brutes8 Brutus8 Bryony14 Bubble12 Bubbly15 Buccal12 Buchan13 Bucked15 Bucket14 Buckle14 Budded11 Buddha13 Buddin10 Buddys13 Budged11 Budget10 Budgie10 Buffer14 Buffet14 Buford12 Bugbee11 Bugeye12 Bugged11 Bugger10 Bugler9 Bugles9 Buicks14 Builds9 Bulbar10 Bulbed11 Bulbil10 Bulbul10 Bulged10 Bulges9 Bulgur9 Bullet8 Bumble12 Bummed13 Bummer12 Bumped13 Bumper12 Bunchy16 Bundle9 Bungee9 Bungle9 Bunion8 Bunked13 Bunker12 Bunkum14 Bunsen8 Buntal8 Bunter8 Bunton8 Bunyan11 Buoyed12 Burble10 Burbly13 Burbot10 Burden9 Bureau8 Burgee9 Burger9 Burgle9 Burgoo9 Burial8 Buried9 Buries8 Burked13 Burlap10 Burled9 Burmas10 Burned9 Burner8 Burnup10 Burped11 Burred9 Burrer8 Burros8 Burrow11 Bursal8 Bursar8 Bursts8 Burtis8 Busbar10 Busboy13 Bushed12 Bushel11 Bushes11 Busied9 Busier8 Busies8 Busily11 Busing9 Busker12 Buskin12 Busman10 Busmen10 Bussed9 Busser8 Busses8 Bust-up10 Busted9 Buster8 Bustle8 Butane8 Butene8 Butler8 Butted9 Butter8 Button8 Buyers11 Buying12 Buyout11 Buzzed27 Buzzer26 Buzzes26 By-blow16 By-line11 Bye-bye16 Byebye16 Byelaw14 Bygone12 Bylaws14 Byline11 Byname13 Bypass13 Bypast13 Bypath16 Byplay16 Byrnie11 Byroad12 Byssus11 Byways17 Byword15 Byzant20 Cabala10 Cabals10 Cabana10 Cabbie12 Cabins10 Cabled11 Cabler10 Cables10 Cabman12 Cabmen12 Caccia12 Cached14 Caches13 Cachet13 Cachou13 Cackel14 Cackle14 Cackly17 Cactus10 Caddie10 Cadent9 Cadets9 Cadged11 Cadger10 Cadges10 Caecal10 Caecum12 Caesar8 Caffer14 Caffre14 Caftan11 Cagily12 Caging10 Cahoot11 Caiman10 Cairns8 Cajole15 Cajuns15 Caking13 Calaba10 Calash11 Calced11 Calcic12 Calean8 Calico10 Caliph13 Calkin12 Call-in8 Called9 Caller8 Callin8 Callow11 Callum10 Callup10 Callus8 Calmed11 Calmer10 Calmly13 Calory11 Calpac12 Calque17 Calves11 Calvin11 Camail10 Camash13 Camass10 Camber12 Cambra12 Camels10 Camera10 Camion10 Camise10 Camlet10 Camosh13 Camped13 Camper12 Campus12 Canaan8 Canada9 Canals8 Canape10 Canard9 Canary11 Cancan10 Cancel10 Cancer10 Candia9 Candid10 Candle9 Candor9 Candys12 Canful11 Cangue9 Canham13 Canine8 Caning9 Canker12 Canned9 Cannel8 Canner8 Cannes8 Cannin8 Cannon8 Cannot8 Canoed9 Canoes8 Canola8 Canons8 Canopy13 Canted9 Canter8 Cantle8 Canton8 Cantor8 Canuck14 Canvas11 Canyon11 Capers10 Capful13 Capita10 Caplin10 Capote10 Capped13 Capper12 Cappin12 Capris10 Capsid11 Captor10 Carack14 Carafe11 Carats8 Carbon10 Carboy13 Carded10 Carder9 Cardia9 Cardis9 Careen8 Career8 Carers8 Caress8 Carets8 Carful11 Cargos9 Carhop13 Caribe10 Caries8 Carina8 Caring9 Carlow11 Carmel10 Carnal8 Carols8 Carpal10 Carpel10 Carper10 Carpet10 Carpus10 Carrel8 Carrot8 Carsey11 Carted9 Cartel8 Carter8 Carton8 Caruso8 Carved12 Carven11 Carver11 Carves11 Casaba10 Casava11 Casbah13 Casein8 Casern8 Cashed12 Cashes11 Cashew14 Casing9 Casino8 Casket12 Casque17 Cassia8 Cassie8 Cassis8 Casten8 Caster8 Castes8 Castle8 Castor8 Casual8 Catchy16 Catena8 Caters8 Catgut9 Cathys14 Cation8 Catkin12 Catnap10 Catnip10 Catsup10 Cattie8 Cattle8 Caucus10 Caudal9 Caudex16 Caudle9 Caught12 Causal8 Caused9 Causes8 Caveat11 Cavein11 Cavern11 Cavers11 Caviar11 Caving12 Cavity14 Cavort11 Cawing12 Caxton15 Cayman13 Cayuse11 Ceased9 Ceases8 Cecity13 Cedarn9 Cedars9 Ceding10 Cedric11 Celene8 Celery11 Celiac10 Cellar8 Celled9 Celoma10 Celtic10 Cement10 Censer8 Censor8 Census8 Cental8 Centas8 Center8 Centre8 Centum10 Cerate8 Cereal8 Cerise8 Cerium10 Cerous8 Ceruse8 Cervid12 Cervix18 Cesium10 Cetera8 Ceylon11 Cha-cha16 Chacha16 Chacma15 Chadar12 Chador12 Chaeta11 Chafed15 Chafes14 Chaffy20 Chains11 Chairs11 Chaise11 Chalet11 Chalks15 Chalky18 Chammy18 Champs15 Chanal11 Chanar11 Chance13 Chancy16 Change12 Chants11 Chanty14 Chapel13 Chared12 Charge12 Charms13 Charon11 Charry14 Charts11 Chased12 Chaser11 Chases11 Chasin11 Chaska15 Chasms13 Chasse11 Chaste11 Chatty14 Chavez23 Cheats11 Chebab15 Checks17 Cheeks15 Cheeky18 Cheers11 Cheery14 Cheese11 Cheesy14 Chekov18 Chemic15 Cheque20 Cherry14 Cherty14 Cherub13 Chests11 Chesty14 Chetah14 Cheung12 Chevre14 Chevvy20 Chewed15 Chewer14 Chiasm13 Chicha16 Chichi16 Chicks17 Chicle13 Chicot13 Chided13 Chides12 Chiefs14 Chigoe12 Chiles11 Chilis11 Chilli11 Chills11 Chilly14 Chimed14 Chimes13 Chimps15 Chin-up13 Chinas11 Chinch16 Chinks15 Chintz20 Chippy18 Chiral11 Chirps13 Chirpy16 Chisel11 Chitin11 Chiton11 Chitra11 Chives14 Chivvy20 Chocks17 Choice13 Choirs11 Choked16 Choker15 Chokes15 Chokey18 Chokin15 Choler11 Cholla11 Chomps15 Choong12 Choose11 Choosy14 Chopin13 Choppy18 Choral11 Chords12 Chorea11 Chores11 Choric13 Chorus11 Chosen11 Chough15 Chouse11 Chrism13 Christ11 Chroma13 Chrome13 Chubby18 Chucks17 Chukka19 Chummy18 Chunga12 Chunks15 Chunky18 Church16 Churns11 Chutes11 Cicada11 Cicala10 Cicely13 Cicero10 Ciders9 Cigars9 Cilial8 Cilium10 Cinder9 Cindie9 Cinema10 Cinque17 Cipher13 Circle10 Circus10 Cirque17 Cirrus8 Cither11 Cities8 Citify14 Citing9 Citole8 Citric10 Citrin8 Citron8 Citrus8 Civics13 Civies11 Claims10 Clammy15 Clamor10 Clamps12 Claque17 Claret8 Clasps10 Classy11 Clause8 Claver11 Clavus11 Clawed12 Claxon15 Clayey14 Cleans8 Clears8 Cleats8 Cleave11 Clefts11 Clench13 Cleome10 Clergy12 Cleric10 Clerid9 Clerks12 Clever11 Clevis11 Cliche13 Clicks14 Client8 Cliffs14 Climax17 Climbs12 Climes10 Clinch13 Clings9 Clinic10 Clinid9 Clip-on10 Clique17 Cloaca10 Cloaks12 Cloche13 Clocks14 Cloggy13 Clonal8 Cloned9 Clones8 Clonic10 Clonin8 Clonus8 Closed9 Closer8 Closes8 Closet8 Closin8 Clothe11 Cloths11 Clouds9 Cloudy12 Clouts8 Cloven11 Clover11 Cloves11 Clowns11 Clubby15 Clucks14 Clumps12 Clumpy15 Clumsy13 Clunch13 Clunky15 Clusia8 Clutch13 Co-sign9 Co-star8 Co-vary14 Coachs13 Coacts10 Coapts10 Coarse8 Coasts8 Coated9 Coatee8 Coaxal15 Coaxed16 Coaxer15 Coaxes15 Cobalt10 Cobber12 Cobble12 Cobnut10 Cobras10 Coburn10 Cobweb15 Cocain10 Coccal12 Coccus12 Coccyx22 Cochin13 Cocked15 Cocker14 Cockle14 Cockup16 Cocoon10 Coddle10 Coders9 Codger10 Codify15 Coding10 Coelom10 Coerce10 Coeval11 Coffee14 Coffer14 Coffin14 Cogent9 Cogged11 Coggle10 Cognac11 Cohere11 Cohort11 Cohosh14 Cohune11 Coiffe14 Coigne9 Coiled9 Coined9 Coiner8 Coital8 Coitus8 Colder9 Coldly12 Coleus8 Collar8 Collet8 Collie8 Colman10 Colons8 Colony11 Colors8 Colour8 Coltan8 Colter8 Colugo9 Column10 Comate10 Combat12 Combed13 Comber12 Combes12 Combin12 Come-on10 Comedo11 Comedy14 Comely13 Comers10 Comets10 Comfit13 Comics12 Coming11 Comity13 Commas12 Commie12 Commit12 Commix19 Common12 Comose10 Compel12 Comply15 Concha13 Concur10 Condom11 Condon9 Condor9 Confab13 Confer11 Confit11 Congee9 Conger9 Congou9 Conics10 Conima10 Conker12 Conlan8 Conlee8 Conley11 Conlon8 Conman10 Conmen10 Conned9 Conoid9 Conroe8 Consul8 Contac10 Contra8 Convex18 Convey14 Convoy14 Cooing9 Cooked13 Cooker12 Cookie12 Cookin12 Cooled9 Cooler8 Coolie8 Coolly11 Coonan8 Cooped11 Cooper10 Cooter8 Cootie8 Copeck16 Copied11 Copier10 Copies10 Coping11 Copout10 Copper12 Copses10 Coptic12 Copula10 Coquet17 Corals8 Corban10 Corbel10 Corded10 Cordie9 Cordis9 Cordon9 Coreid9 Corgis9 Corium10 Corked13 Corker12 Cornea8 Corned9 Cornel8 Corner8 Cornet8 Corona8 Corozo17 Corpse10 Corpus10 Corral8 Corrie8 Corser8 Corset8 Cortex15 Cortin8 Corvee11 Corymb15 Coryza20 Cosbys13 Cosher11 Cosier8 Cosign9 Cosily11 Cosine8 Cosmea10 Cosmic12 Cosmid11 Cosmos10 Cosset8 Costal8 Costar8 Costed9 Costen8 Costia8 Costin8 Costly11 Cotham13 Cotman10 Cottar8 Cotter8 Cotton8 Coucal10 Cougar9 Coughs12 Counts8 County11 Couper10 Coupes10 Couple10 Coupon10 Course8 Courts8 Cousin8 Couthy14 Covens11 Covers11 Covert11 Covets11 Cowage12 Coward12 Cowboy16 Cowell11 Cowers11 Cowing12 Cowled12 Cowman13 Cowpea13 Cowpie13 Cowpox20 Cowrie11 Coxing16 Coydog13 Coyote11 Cozier17 Cozily20 Crabby15 Cracks14 Cradle9 Crafts11 Crafty14 Craggy13 Cramps12 Cranch13 Craned9 Cranes8 Cranks12 Cranky15 Cranny11 Crappy15 Crater8 Crates8 Cratin8 Craton8 Cravat11 Craved12 Craven11 Craves11 Crawls11 Crawly14 Crayon11 Crazed18 Crazes17 Creaks12 Creaky15 Creams10 Creamy13 Crease8 Create8 Creche13 Credal9 Credit9 Creeds9 Creeks12 Creeps10 Creepy13 Creese8 Crenel8 Creole8 Cresol8 Crests8 Cretan8 Cretin8 Crewed12 Crewel11 Crewet11 Crimea10 Crimes10 Crimps12 Cringe9 Crisco10 Crises8 Crisis8 Crisps10 Crispy13 Critic10 Croaks12 Croaky15 Croats8 Crocks14 Crocus10 Crofts11 Crones8 Crooks12 Croons8 Crores8 Crosse8 Crotal8 Crotch13 Croton8 Crouch13 Croupe10 Croupy13 Crowds12 Crowed12 Crowin11 Crowns11 Cruces10 Cruddy13 Cruder9 Crudes9 Cruise8 Crumbs12 Crumby15 Crummy15 Crunch13 Crural8 Crusoe8 Crusts8 Crusty11 Crutch13 Cruxes15 Crying12 Crypto13 Crypts13 Cubans10 Cubing11 Cubism12 Cubist10 Cubits10 Cuboid11 Cuckoo14 Cuddle10 Cuddly13 Cudgel10 Cueing9 Cuffed15 Cuisse8 Cullan8 Culled9 Cullen8 Cullis8 Cultus8 Cumber12 Cuneal8 Cuneus8 Cunner8 Cunnin8 Cupful13 Cupola10 Cupped13 Cupper12 Cupric12 Cupule10 Curacy13 Curare8 Curate8 Curbed11 Curdle9 Curfew14 Curial8 Curies8 Curing9 Curium10 Curled9 Curler8 Curlew11 Cursed9 Curses8 Cursor8 Curtal8 Curtis8 Curtly11 Curtsy11 Curved12 Curves11 Curvet11 Curvey14 Curvin11 Cuscus10 Cushat11 Cushaw14 Cusped11 Cuspid11 Cussed9 Custom10 Cutely11 Cutest8 Cutesy11 Cutlas8 Cutler8 Cutlet8 Cutoff14 Cutout8 Cutter8 Cuttle8 Cyborg14 Cycads14 Cycled14 Cycles13 Cyclic15 Cygnet12 Cygnus12 Cymbal15 Cymbid16 Cymene13 Cymose13 Cymule13 Cynics13 Cypher16 Cyprus13 Cystic13 Czechs22 Dabbed12 Dabble11 Dachau12 Dacite9 Dacoit9 Dactyl12 Daddys12 Daedal8 Daemon9 Dafter10 Daftly13 Dagama10 Dagame10 Dagger9 Dahlia10 Daikon11 Daimon9 Dainty10 Dakoit11 Dalasi7 Daleth10 Dallas7 Damage10 Damask13 Dammar11 Dammed12 Damned10 Damped12 Dampen11 Damper11 Damply14 Damsel9 Damson9 Danaid8 Danced10 Dancer9 Dances9 Dander8 Dandle8 Danger8 Dangle8 Danica9 Daniel7 Danish10 Danube9 Danzig17 Daphne12 Dapper11 Dapple11 Darice9 Daring8 Darken11 Darker11 Darkey14 Darkie11 Darkly14 Darned8 Darnel7 Darner7 Darted8 Darter7 Darwin10 Dashed11 Dashes10 Dassie7 Dating8 Dative10 Datsun7 Daubed10 Dauber9 Daunts7 Dawdle11 Dawned11 Day-old11 Daybed13 Dayboy15 Dayfly16 Dayold11 Dazing17 Dazzle25 Deacon9 Dead-on8 Deaden8 Deader8 Deadly11 Deadon8 Deafen10 Deafer10 Dealer7 Dearer7 Dearie7 Dearly10 Dearth10 Deaths10 Debark13 Debars9 Debase9 Debate9 Debile9 Debits9 Debone9 Debora9 Debris9 Debtor9 Debugs10 Debunk13 Debuts9 Decade10 Decamp13 Decant9 Decays12 Deceit9 Decent9 Decide10 Decile9 Decked14 Decker13 Deckle13 Declaw12 Decoct11 Decode10 Decoke13 Decors9 Decoys12 Decree9 Deduce10 Deduct10 Deeded9 Deejay17 Deemed10 Deepen9 Deeper9 Deeply12 Deface12 Defame12 Defang11 Defeat10 Defect12 Defend11 Defers10 Defied11 Defier10 Defies10 Defile10 Define10 Deform12 Defray13 Defter10 Deftly13 Defuse10 Degage9 Degree8 Degust8 Dehorn10 Deicer9 Deific12 Deists7 Deixis14 Deject16 Delate7 Delays10 Delete7 Delict9 Delist7 Delphi12 Deltas7 Delude8 Deluge8 Deluxe14 Delved11 Delves10 Demand10 Demean9 Dement9 Demise9 Demist9 Demobs11 Demode10 Demons9 Demote9 Demure9 Demurs9 Demuth12 Denary10 Dengue8 Denial7 Denied8 Denier7 Denies7 Denims9 Denote7 Denser7 Dental7 Dented8 Dentin7 Denude8 Denver10 Deodar8 Depart9 Depend10 Depict11 Deploy12 Depone9 Deport9 Depose9 Depots9 Depths12 Depute9 Deputy12 Derail7 Derate7 Derham12 Deride8 Derive10 Dermal9 Dermic11 Dermis9 Derris7 Desalt7 Descry12 Desert7 Design8 Desire7 Desist7 Desmid10 Desorb9 Despot9 Detach12 Detail7 Detain7 Detect9 Detent7 Deters7 Detest7 Dethaw13 Detick13 Detour7 Detusk11 Deuced10 Deuces9 Devein10 Device12 Devils10 Devise10 Devoid11 Devoir10 Devote10 Devour10 Devout10 Dewlap12 Dexter14 Dextra14 Dharma12 Diadem10 Dialog8 Diaper9 Diapir9 Diatom9 Dibber11 Dibble11 Dibbuk15 Dicier9 Dicing10 Dicker13 Dickey16 Dickie13 Dictum11 Didder9 Diddle9 Diddly12 Diesel7 Dieses7 Diesis7 Dieted8 Dieter7 Differ13 Digest8 Digger9 Digits8 Digram10 Dik-dik16 Diktat11 Dilate7 Dilute7 Dimers9 Dimity12 Dimmed12 Dimmer11 Dimout9 Dimple11 Dimwit12 Dinars7 Dinero7 Diners7 Dinged9 Dingee8 Dinges8 Dinghy14 Dingle8 Dingus8 Dining8 Dinkey14 Dinkum13 Dinner7 Diodes8 Dioxin14 Dipole9 Dipped12 Dipper11 Direct9 Direly10 Direst7 Dirges8 Dirham12 Dirndl8 Disarm9 Disbar9 Disbud10 Discus9 Dished11 Disher10 Dishes10 Dismal9 Dismay12 Disown10 Dispel9 Distal7 Distil7 Disuse7 Dither10 Divans10 Divers10 Divert10 Divest10 Divide11 Divine10 Diving11 Divots10 Djinni14 Djinny17 Do-si-do8 Doable9 Dobbin11 Dobies9 Dobson9 Docent9 Docile9 Docked14 Docken13 Docker13 Docket13 Doctor9 Dodder9 Doddle9 Dodged10 Dodgem11 Dodger9 Dodges9 Doesnt7 Doffed14 Dog-ear8 Dogged10 Doggie9 Doggin9 Doggys12 Dogleg9 Dogmas10 Dogood9 Dogtag9 Doings8 Doland8 Doling8 Dollar7 Dolled8 Dollop9 Dolman9 Dolmas9 Dolmen9 Dolour7 Domain9 Domine9 Domini9 Domino9 Donate7 Dongle8 Donjon14 Donkey14 Donnas7 Donned8 Donoho10 Donors7 Doo-wop12 Doodad9 Doodia8 Doodle8 Doofus10 Doomed10 Dopier9 Doping10 Dorado8 Dorian7 Dormer9 Dormie9 Dorsal7 Dorsum9 Dosage8 Dosing8 Dossal7 Dossel7 Dosser7 Dot-com11 Dotage8 Dotard8 Doting8 Dotrel7 Dotson7 Dotted8 Dotter7 Dottle7 Double9 Doubly12 Doubts9 Douche12 Doughs11 Doughy14 Dourah10 Dourly10 Doused8 Dovish13 Dowell10 Dowels10 Dowery13 Downed11 Downer10 Dowser10 Doyens10 Doyley13 Dozens16 Dozier16 Dozing17 Drably12 Drachm14 Drafts10 Drafty13 Dragee8 Draggy12 Dragon8 Drains7 Drakes11 Dramas9 Draped10 Draper9 Drapes9 Drapin9 Drawee10 Drawer10 Drawls10 Dreads8 Dreams9 Dreamt9 Dreamy12 Dreary10 Dredge9 Drench12 Dressy10 Driers7 Driest7 Drifts10 Drills7 Drinks11 Drippy14 Drivel10 Driven10 Driver10 Drives10 Drogue8 Dromon9 Droned8 Drones7 Dronin7 Drools7 Droops9 Droopy12 Dropsy12 Drosky14 Drouth10 Drover10 Droves10 Drowns10 Drowse10 Drowsy13 Drudge9 Druids8 Drunks11 Drusen7 Dry-rot10 Dryers10 Drying11 Dryish13 Drypis12 Dually10 Dubbed12 Dubbin11 Dublin9 Ducked14 Ducted10 Dudeen8 Dudman10 Dueled8 Dueler7 Duenna7 Duette7 Duffel13 Duffer13 Duffle13 Dugong9 Dugout8 Duiker11 Duking12 Dulcet9 Dulled8 Duller7 Dumbed12 Dumber11 Dumbly14 Dumdum12 Dumped12 Dumper11 Dumpty14 Dunces9 Dunked12 Dunker11 Dunlin7 Dunned8 Dunson7 Dunton7 Dupery12 Duplex16 Durant7 Durban9 Durbar9 Duress7 Durgan8 Durian7 During8 Durion7 Dusted8 Duster7 Dustup9 Duties7 Duvets10 Dvorak14 Dwarfs13 Dwells10 Dyadic13 Dybbuk18 Dyeing11 Dynamo12 Dynast10 Eagles7 Eaglet7 Earbud9 Earful9 Earlap8 Earned7 Earner6 Eartha9 Earths9 Earthy12 Earwax16 Earwig10 Easels6 Easier6 Easily9 Easing7 Easter6 Easton6 Eatage7 Eaters6 Eatery9 Eating7 Eatons6 Ebbing11 Ecarte8 Ecesis8 Echard12 Echoed12 Echoes11 Echoic13 Eclair8 Eczema19 Eddied9 Eddies8 Edgier8 Edgily11 Edging9 Edible9 Edicts9 Edison7 Edited8 Editor7 Edmond10 Edmund10 Eduard8 Edward11 Eerier6 Eerily9 Efface14 Effect14 Effete12 Effigy16 Efflux19 Effort12 Effuse12 Eggcup12 Eggers8 Egging9 Eggnog9 Egoism9 Egoist7 Egress7 Egrets7 Eighth13 Eights10 Eighty13 Eisner6 Either9 Ejects15 Elands7 Elapid9 Elapse8 Elated7 Elater6 Elates6 Elbows11 Elders7 Eldest7 Elects8 Eleven9 Elevon9 Elfish12 Elicit8 Elided8 Elides7 Elijah16 Elinor6 Eliots6 Elison6 Elites6 Elixir13 Ellene6 Elliot6 Elnino6 Eloped9 Elopes8 Elsies6 Eluate6 Eluded8 Eludes7 Eluted7 Elvish12 Elwood10 Elysee9 Embalm12 Embank14 Embark14 Embeds11 Embers10 Emblem12 Embody14 Emboss10 Embryo13 Emerge9 Emesis8 Emetic10 Emigre9 Emilie8 Emison8 Emmett10 Empale10 Empire10 Employ13 Emptor10 Enable8 Enacts8 Enamel8 Enamor8 Enatic8 Encage9 Encamp12 Encase8 Encode9 Encore8 End-all7 Endear7 Enders7 Ending8 Endive10 Endows10 Endued8 Endues7 Endure7 Enemas8 Energy10 Enfant9 Enfold10 Engage8 Engels7 Engild8 Engine7 Englut7 Engram9 Engulf10 Enigma9 Enjoin13 Enjoys16 Enlace8 Enlist6 Enmesh11 Enmity11 Ennead7 Enochs11 Enolic8 Enosis6 Enough10 Enrage7 Enrich11 Enrobe8 Enroll6 Enrols6 Ensign7 Ensile6 Ensued7 Ensues6 Ensure6 Entail6 Enters6 Entice8 Entire6 Entity9 Entomb10 Entrap8 Entree6 Entric8 Enured7 Envied10 Envies9 Envoys12 Enwrap11 Enzyme20 Eolith9 Eonian6 Eparch13 Epical10 Epigon9 Epilog9 Epitap10 Epochs13 Eponym13 Equals15 Equate15 Equine15 Equips17 Equipt17 Equity18 Erased7 Eraser6 Erases6 Erbium10 Erdman9 Erects8 Ergots7 Ericas8 Eringo7 Erland7 Erline6 Ermine8 Ernest6 Eroded8 Erodes7 Erotic8 Errand7 Errant6 Errata6 Erring7 Errors6 Ersatz15 Erupts8 Eryngo10 Escape10 Escarp10 Eschar11 Eschew14 Escort8 Escrow11 Escudo9 Eskimo12 Esmond9 Espana8 Espial8 Espied9 Esprit8 Essays9 Essene6 Estate6 Esteem8 Esters6 Estrus6 Etamin8 Etched12 Etcher11 Etches11 Ethane9 Ethene9 Ethics11 Ethnic11 Ethnos9 Ethyne12 Etudes7 Etymon11 Euchre11 Eulogy10 Eunuch11 Eupnea8 Eureka10 Europe8 Eustis6 Evaded11 Evader10 Evades10 Evened10 Evener9 Evenly12 Events9 Evicts11 Evilly12 Evince11 Evoked14 Evokes13 Evolve12 Ex-wife19 Exabit15 Exacta15 Exacts15 Exalts13 Examen15 Exarch18 Exceed16 Excels15 Except17 Excess15 Excise15 Excite15 Excuse15 Exempt17 Exerts13 Exeunt13 Exhale16 Exhort16 Exhume18 Exiled14 Exiles13 Exilic15 Exists13 Exited14 Exodus14 Exogen14 Exotic15 Expand16 Expect17 Expels15 Expend16 Expert15 Expire15 Expiry18 Export15 Expose15 Exsert13 Extant13 Extend14 Extent13 Extern13 Extols13 Extort13 Extras13 Exuded15 Exudes14 Exults13 Exwife19 Eyecup13 Eyeful12 Eyeing10 Eyelet9 Eyelid10 Fabian11 Fabled12 Fables11 Fabric13 Facade12 Facers11 Facets11 Facial11 Facile11 Facing12 Factor11 Facula11 Fading11 Faecal11 Faeces11 Faerie9 Fagged12 Faggot11 Failed10 Failin9 Faille9 Faints9 Fairer9 Fairly12 Faiths12 Fakeer13 Fakers13 Fakery16 Faking14 Falcon11 Fallal9 Fallen9 Faller9 Fallow12 Falser9 Falsie9 Falter9 Family14 Famine11 Famish14 Famous11 Fan-jet16 Fandom12 Fanged11 Fanger10 Fangle10 Fanion9 Fanjet16 Fanned10 Fannin9 Fantan9 Faquir18 Far-off15 Far-out9 Farces11 Fardel10 Farina9 Faring10 Farmed12 Farmer11 Farnam11 Faroff15 Farout9 Farrow12 Fasces11 Fascia11 Fasted10 Fasten9 Faster9 Fatcat11 Father12 Fathom14 Fatima11 Fatism11 Fatted10 Fatten9 Fatter9 Fattys12 Fatwah15 Faucal11 Fauces11 Faucet11 Faults9 Faulty12 Faunal9 Faunas9 Fausta9 Favism14 Favors12 Favour12 Fawned13 Fawner12 Faxing17 Fealty12 Feared10 Feasts9 Fecula11 Fecund12 Fedora10 Feeble11 Feebly14 Feeder10 Feeler9 Feigns10 Feijoa16 Feints9 Feisty12 Feline9 Fellah12 Felled10 Feller9 Felloe9 Fellow12 Felons9 Felony12 Felted10 Felten9 Felton9 Female11 Femurs11 Fenced12 Fencer11 Fences11 Fended11 Fender10 Fenian9 Fennel9 Feodor10 Ferial9 Ferine9 Ferned10 Ferret9 Ferric11 Ferris9 Ferule9 Fervid13 Fervor12 Fescue11 Festal9 Fester9 Fetich14 Fetish12 Fetter9 Fettle9 Feudal10 Feuded11 Fevers12 Fewest12 Fiance11 Fiasco11 Fibbed14 Fibber13 Fibers11 Fibred12 Fibres11 Fibril11 Fibrin11 Fibula11 Fiches14 Fickle15 Fiddle11 Fiddly14 Fidget11 Fields10 Fiends10 Fierce11 Fiesta9 Fifths15 Fiftys15 Fights13 Figure10 Fijian16 Filers9 Filial9 Filing10 Fill-in9 Filled10 Filler9 Fillet9 Fillip11 Filmed12 Filmer11 Filmic13 Filosa9 Filter9 Filthy15 Finale9 Finals9 Finder10 Finely12 Finery12 Finest9 Finger10 Finial9 Fining10 Finish12 Finite9 Finlay12 Finley12 Finnan9 Finned10 Fiords10 Fipple13 Firing10 Firkin13 Firman11 Firmed12 Firmer11 Firmin11 Firmly14 Firsts9 Fiscal11 Fiscus11 Fished13 Fisher12 Fishes12 Fisted10 Fitful12 Fitted10 Fitter9 Fivers12 Fixate16 Fixers16 Fixing17 Fixity19 Fizgig20 Fizzed28 Fizzes27 Fizzle27 Fjords17 Flabby16 Flagon10 Flaked14 Flakes13 Flakey16 Flambe13 Flamed12 Flamen11 Flamer11 Flames11 Flamin11 Flange10 Flanks13 Flared10 Flares9 Flashy15 Flasks13 Flatly12 Flatus9 Flaunt9 Flavin12 Flavor12 Flawed13 Flaxen16 Flayed13 Flayer12 Flecks15 Fledge11 Fleece11 Fleecy14 Fleets9 Flense9 Fleshy15 Flexed17 Flexes16 Flexor16 Flicks15 Fliers9 Flight13 Flimsy14 Flinch14 Flings10 Flints9 Flinty12 Flirts9 Flitch14 Floats9 Floaty12 Flocks15 Floods10 Floors9 Floozy21 Floppy16 Floral9 Floras9 Flores9 Floret9 Florid10 Florin9 Flossy12 Flours9 Floury12 Flouts9 Flowed13 Flower12 Flowin12 Fluent9 Fluffs15 Fluffy18 Fluids10 Flukes13 Flukey16 Flumes11 Flunky16 Flurry12 Fluted10 Flutes9 Fluxes16 Flyers12 Flying13 Flyway18 Fo'c'sle11 Foaled10 Foamed12 Foamin11 Fobbed14 Fodder11 Foehns12 Foeman11 Foetal9 Foetid10 Foetor9 Foetus9 Fogged12 Foible11 Foiled10 Folate9 Folded11 Folder10 Folger10 Folium11 Folksy16 Follis9 Follow12 Foment11 Fomite11 Fondas10 Fonder10 Fondle10 Fondly13 Fondue10 Fontes9 Foodie10 Fooled10 Footed10 Footer9 Footin9 Footle9 Forage10 Forays12 Forbad12 Forbid12 Forced12 Forces11 Forded11 Forego10 Forest9 Forged11 Forger10 Forges10 Forget10 Forgie10 Forgot10 Forint9 Forked14 Formal11 Format11 Formed12 Former11 Formic13 Formin11 Formol11 Fornix16 Forrad10 Fortes9 Fortis9 Fortys12 Forums11 Foryml14 Fossil9 Foster9 Fought13 Foul-up11 Fouled10 Fouler9 Foully12 Foulup11 Founds10 Founts9 Fourth12 Fowler12 Foxier16 Foxily19 Foxing17 Foyers12 Fracas11 Fraise9 Framed12 Framer11 Frames11 Framin11 Franca11 France11 Francs11 Franks13 Frappe13 Frasco11 Frauds10 Frayed13 Freaks13 Freaky16 Freely12 Freest9 Freeze18 French14 Frenzy21 Freons9 Fresco11 Friars9 Friary12 Friday13 Fridge11 Friend10 Friers9 Frieze18 Fright13 Frigid11 Frijol16 Frills9 Frilly12 Fringe10 Fringy13 Frisco11 Frisks13 Frisky16 Frivol12 Frizzy30 Frocks15 Froggy14 Frolic11 Fronds10 Fronts9 Frosts9 Frosty12 Froths12 Frothy15 Frowns12 Frowsy15 Frowzy24 Frozen18 Frugal10 Fruits9 Fruity12 Frumps13 Frumpy16 Fryers12 Frying13 Frypan14 Fucker15 Fuckup17 Fucoid12 Fuddle11 Fudged12 Fudges11 Fueled10 Fugere10 Fugues10 Fuhrer12 Fulfil12 Fulgid11 Fuller9 Fulmar11 Fumble13 Fuming12 Funded11 Fundin10 Fundus10 Fungal10 Fungus10 Funked14 Funnel9 Funrun9 Furane9 Furies9 Furled10 Furore9 Furred10 Furrow12 Fusain9 Fusing10 Fusion9 Fussed10 Fusses9 Futile9 Future9 Fuzzed28 Fuzzes27 G-force12 Gabble11 Gabbro11 Gabled10 Gables9 Gadded10 Gaddin9 Gadfly14 Gadget9 Gadoid9 Gaelic9 Gaffer13 Gaffes13 Gagged10 Gaggle9 Gaging9 Gagman10 Gaiety10 Gaijin14 Gained8 Gainer7 Gainly10 Gaiter7 Galago8 Galant7 Galaxy17 Galena7 Galens7 Galere7 Galled8 Galley10 Gallia7 Gallic9 Gallin7 Gallon7 Gallop9 Gallow10 Gallus7 Galoot7 Galore7 Galosh10 Gambia11 Gambit11 Gamble11 Gambol11 Gamely12 Gamers9 Gamete9 Gamine9 Gaming10 Gammon11 Gander8 Gandhi11 Ganged9 Ganger8 Ganges8 Gangin8 Gangly11 Gannet7 Ganoid8 Ganoin7 Gantry10 Gaoled8 Gaoler7 Gaping10 Garage8 Garand8 Garbed10 Garble9 Garden8 Gargan8 Garget8 Gargle8 Garish10 Garlic9 Garner7 Garnet7 Garret7 Garris7 Garron7 Garter7 Gasbag10 Gascon9 Gashed11 Gashes10 Gasify13 Gasket11 Gaskin11 Gasman9 Gasped10 Gasper9 Gaspin9 Gassed8 Gasser7 Gasses7 Gateau7 Gather10 Gating8 Gators7 Gauche12 Gaucho12 Gauged9 Gauger8 Gauges8 Gaugin8 Gavage11 Gavial10 Gawker14 Gawpin12 Gayest10 Gazans16 Gazebo18 Gazing17 Gazump20 Gdansk12 Geared8 Geckos13 Gee-gee8 Geezer16 Geiger8 Geisha10 Gelded9 Gelled8 Gemini9 Gemmed12 Gender8 Genera7 Genets7 Geneva10 Genial7 Genipa9 Genius7 Genome9 Genres7 Gentle7 Gently10 Gentry10 George8 Georgi8 Gerbil9 German9 Gerund8 Getter7 Gewgaw14 Geyser10 Gharry13 Ghatti10 Ghetto10 Ghosts10 Ghouls10 Giants7 Gibber11 Gibbet11 Gibbon11 Giblet9 Gibson9 Gifted11 Giggle9 Giggly12 Gigolo8 Gilded9 Gilden8 Gilder8 Gilled8 Gillie7 Gilmer9 Gilroy10 Gilson7 Gimbal11 Gimlet9 Ginder8 Ginger8 Gingko12 Ginkgo12 Girded9 Girder8 Girdin8 Girdle8 Girlie7 Girths10 Gisler7 Gismos9 Gitana7 Gitano7 Giulio7 Givers10 Giving11 Gizmos18 Glacis9 Glades8 Gladly11 Glamor9 Glance9 Glands8 Glared8 Glares7 Glassy10 Glazed17 Glazer16 Glazes16 Glazin16 Gleams9 Gleans7 Glibly12 Glided9 Glider8 Glides8 Glints7 Glioma9 Glitch12 Glitzy19 Global9 Globed10 Globes9 Globin9 Glooms9 Gloomy12 Gloria7 Glossa7 Glossy10 Gloved11 Gloves10 Glowed11 Glower10 Glowin10 Gluing8 Glumly12 Gluten7 Glycol12 Glynis10 Glyphs15 Gnarls7 Gnarly10 Gnawed11 Gnawer10 Gneiss7 Gnetum9 Gnomes9 Gnomic11 Gnomon9 Gnosis7 Go-cart9 Go-kart11 Go-slow10 Goaded9 Goalie7 Goatee7 Gobbet11 Gobble11 Gobies9 Goblet9 Goblin9 Goddam11 Godown11 Godson8 Godwit11 Goethe10 Goffer13 Goggle9 Goings8 Goiter7 Goitre7 Golden8 Golfer10 Golosh10 Gomuti9 Gonads8 Goniff13 Gonion7 Gonyea10 Goober9 Good-by13 Goodby13 Goodly11 Goofed11 Google8 Googly11 Googol8 Gooney10 Goonie7 Goosey10 Gopher12 Gordie8 Gorged9 Gorger8 Gorges8 Gorget8 Gorgon8 Gorier7 Goring8 Gorski11 Goslow10 Gospel9 Gossip9 Gotcha12 Gotham12 Gothic12 Gotten7 Gouged9 Gouger8 Gouges8 Goujon14 Gourde8 Gourds8 Govern10 Gowned11 Grabby14 Graben9 Graced10 Graces9 Gracin9 Graded9 Grader8 Grades8 Grafts10 Graham12 Grails7 Grains7 Grainy10 Gramma11 Gramme11 Gramps11 Grands8 Grange8 Granny10 Grants7 Granum9 Grapes9 Grapey12 Graphs12 Grappa11 Grasps9 Grassy10 Grated8 Grater7 Grates7 Gratin7 Gratis7 Gravel10 Graven10 Graver10 Graves10 Gravid11 Grayly13 Grazed17 Grazer16 Grazes16 Grazin16 Grease7 Greasy10 Greave10 Greece9 Greeds8 Greedy11 Greeks11 Greens7 Greets7 Gretna7 Greyed11 Greyer10 Greyly13 Gri-gri8 Griefs10 Grieve10 Grigri8 Grille7 Grills7 Grimly12 Grinds8 Gringo8 Griped10 Gripes9 Grippe11 Grisly10 Grison7 Gritty10 Grivet10 Groans7 Groats7 Grocer9 Groggy12 Groins7 Grooms9 Groove10 Groovy13 Groped10 Groper9 Gropes9 Gropin9 Grotto7 Grotty10 Grouch12 Ground8 Groups9 Grouse7 Grovel10 Groves10 Grower10 Growin10 Growls10 Growth13 Groyne10 Grubby14 Grudge9 Grugru8 Grumps11 Grumpy14 Grunge8 Grungy11 Grunts7 Guaiac9 Guards8 Guavas10 Guenon7 Guests7 Guffaw16 Guggle9 Guided9 Guider8 Guides8 Guilds8 Guilts7 Guilty10 Guimpe11 Guinea7 Guises7 Guitar7 Gulden8 Gullet7 Gulley10 Gulped10 Gulper9 Gulyas10 Gum-lac11 Gummed12 Gundog9 Gunite7 Gunman9 Gunmen9 Gunned8 Gunnel7 Gunner7 Gunnin7 Gurgle8 Gurney10 Gushed11 Gusher10 Gushes10 Gusset7 Gusted8 Gutted8 Gutter7 Guttle7 Guvnor10 Guzzle25 Gypsum14 Gyrate10 Habits11 Hacked16 Hackee15 Hacker15 Hackle15 Hadden11 Hadean10 Hadith13 Hadron10 Haemal11 Haemic13 Hagbut12 Haggis11 Haggle11 Hailed10 Hailin9 Hainan9 Hairdo10 Haired10 Hakeem15 Halide10 Halite9 Hallah12 Hallam11 Halloo9 Hallow12 Hallux16 Haloed10 Halons9 Halted10 Halter9 Halved13 Halves12 Hamate11 Hamlet11 Hammer13 Hamper13 Handed11 Handel10 Handle10 Hang-up12 Hangar10 Hanged11 Hanger10 Hangin10 Hangup12 Hanker13 Hankey16 Hankie13 Hansom11 Hanway15 Happen13 Haptic13 Harald10 Harare9 Harass9 Harbor11 Hard-on10 Harden10 Harder10 Hardly13 Hardup12 Hareem11 Harems11 Harked14 Harken13 Harlot9 Harlow12 Harmed12 Harmel11 Harmer11 Harped12 Harper11 Harrow12 Harten9 Hashed13 Hashes12 Haslet9 Hassel9 Hassle9 Hasted10 Hasten9 Hastes9 Hatbox18 Haters9 Hatful12 Hating10 Hatpin11 Hatred10 Hatted10 Hatter9 Hauled10 Hauler9 Haulin9 Haulms11 Haunch14 Haunts9 Hausen9 Havana12 Havens12 Havent12 Having13 Haw-haw18 Hawaii12 Hawala12 Hawing13 Hawked17 Hawker16 Hawser12 Haydns13 Haying13 Haymow17 Hayrig13 Hazard19 Hazier18 Hazily21 He-goat10 Head-on10 Headed11 Header10 Headon10 Healed10 Healer9 Health12 Heaped12 Hearer9 Hearse9 Hearth12 Hearts9 Hearty12 Heated10 Heater9 Heaths12 Heatin9 Heaume11 Heaved13 Heaven12 Heaver12 Heaves12 Hebrew14 Hebron11 Heckle15 Hectic13 Hector11 Hedged12 Hedger11 Hedges11 Hee-haw15 Heeded11 Heeled10 Hefted13 Hegari10 Hegira10 Heifer12 Height13 Heists9 Hejira16 Helena9 Heliac11 Helium11 Hellen9 Heller9 Helmet11 Helots9 Helped12 Helper11 Hemmed14 Hempen13 Henbit11 Hendel10 Hendon10 Hengel10 Henrik13 Hentai9 Hepler11 Heptad12 Herald10 Herbal11 Herber11 Herded11 Herder10 Herdin10 Hereby14 Herein9 Hereof12 Heresy12 Hereto9 Hermit11 Hernia9 Heroes9 Heroic11 Heroin9 Herons9 Herpes11 Hertha12 Hesler9 Hestia9 Hewing13 Hexane16 Hexose16 Heyday16 Hi-tech14 Hiatus9 Hiccup15 Hickey18 Hidden11 Hiding11 Hiemal11 Higdon11 Higgle11 High-up15 Higher13 Highly16 Higley13 Hijack22 Hikers13 Hiking14 Hiland10 Hilled10 Hilton9 Hinder10 Hindoo10 Hinged11 Hinges10 Hinted10 Hinton9 Hip-hop16 Hipped14 Hipper13 Hippie13 Hiring10 Hispid12 Hissed10 Hisser9 Hisses9 Hither12 Hitler9 Hitman11 Hitter9 Hiving13 Hoagie10 Hoards10 Hoarse9 Hoaxed17 Hoaxer16 Hoaxes16 Hobbit13 Hobble13 Hobnob13 Hoboes11 Hobson11 Hockey18 Hodman12 Hoeing10 Hoeism11 Hog-tie10 Hogans10 Hogged12 Hogger11 Hogget11 Hoggin11 Hoists9 Holder10 Holdup12 Holier9 Holies9 Holily12 Holing10 Holism11 Holler9 Holloa9 Hollow12 Holmes11 Homage12 Hombre13 Homely14 Homers11 Homily14 Homing12 Hominy14 Hommes13 Hommos13 Honcho14 Hondas10 Honest9 Honeys12 Honied10 Honing10 Honker13 Honkey16 Honkie13 Honors9 Honour9 Honshu12 Hoo-hah15 Hooded11 Hoodoo10 Hoofed13 Hoofer12 Hookah16 Hooked14 Hooker13 Hookin13 Hookup15 Hooped12 Hoopla11 Hoopoe11 Hoopoo11 Hooray12 Hootch14 Hooted10 Hooter9 Hooved13 Hoover12 Hooves12 Hoping12 Hopped14 Hopper13 Hopple13 Horary12 Hordes10 Horned10 Hornet9 Horrid10 Horror9 Horses9 Horsey12 Hoseas9 Hosier9 Hosing10 Hosted10 Hostel9 Hoster9 Hot-dog11 Hot-rod10 Hotair9 Hotbed12 Hotbox18 Hotdog11 Hotels9 Hotpot11 Hotrod10 Hotter9 Hottie9 Houdah13 Hounds10 Hourly12 Housed10 Houses9 Hovels12 Hovers12 Howdah16 Howled13 Howler12 Hoyden13 Hruska13 Hubbub15 Hubcap15 Hubert11 Hubris11 Huckle15 Huddle11 Hudood11 Hudson10 Huffed16 Huffer15 Huffin15 Hugely13 Hugged12 Hugger11 Huitre9 Hulett9 Hulled10 Humane11 Humans11 Humate11 Humble13 Humbly16 Humbug14 Humify17 Hummed14 Hummer13 Hummus13 Humour11 Humous11 Humped14 Humpty16 Hunger10 Hungry13 Hunker13 Hunted10 Hunter9 Hurdle10 Hurled10 Hurler9 Hurrah12 Hurray12 Hurtle9 Hushed13 Hushes12 Husked14 Hussar9 Hustla9 Hustle9 Hyaena12 Hyalin12 Hybrid15 Hydric15 Hyenas12 Hymens14 Hymnal14 Hyphae17 Hyphen17 Hyping15 Hyssop14 Iambic12 Iambus10 Ibanez17 Iberia8 Ibexes15 Ibidem11 Ibises8 Icarus8 Iceage9 Icebox17 Icecap12 Iceman10 Icicle10 Iciest8 Icings9 Iconic10 Ideals7 Ideate7 Idesia7 Idiocy12 Idioms9 Idiots7 Idlers7 Idlest7 Idling8 Igloos7 Ignite7 Ignore7 Iguana7 Ill-fed10 Ill-use6 Illume8 Imaged10 Images9 Imaret8 Imbeds11 Imbibe12 Imbrue10 Imbued11 Immune10 Immure10 Impact12 Impair10 Impala10 Impale10 Impart10 Impede11 Impels10 Impend11 Impish13 Import10 Impose10 Impost10 Improv13 Impugn11 Impure10 Impute10 In-joke17 In-situ6 In-tray9 Inborn8 Inbred9 Incant8 Incase8 Incest8 Inched12 Inches11 Inchin11 Incise8 Incite8 Income10 Incurs8 Indaba9 Indeed8 Indene7 Indent7 Indian7 Indict9 Indigo8 Indite7 Indium9 Indole7 Indoor7 Indris7 Induce9 Induct9 Induna7 Infamy14 Infant9 Infect11 Infers9 Infest9 Infill9 Infirm11 Inflow12 Influx16 Inform11 Infuse9 Ingest7 Ingles7 Ingold8 Ingots7 Ingrum9 Inguen7 Inhale9 Inhere9 Inhume11 Inject15 Injoke17 Injure13 Injury16 Ink-jet17 Inkier10 Inking11 Inkpad13 Inkpot12 Inlaid7 Inland7 Inlaws9 Inlays9 Inlets6 Inline6 Inmate8 Inmost8 Innate6 Inness6 Inning7 Inpour8 Inputs8 Inroad7 Inrush9 Insane6 Insect8 Insert6 Insets6 Inside7 Insist6 Insole6 Inspan8 Instal6 Instar6 Instep8 Instil6 Insult6 Insure6 Intact8 Intake10 Intend7 Intent6 Intern6 Intima8 Intone6 Intron6 Intuit6 Inuits6 Inulin6 Inunct8 Inured7 Invade10 Invent9 Invert9 Invest9 Invite9 Invoke13 Inward10 Inwood10 Iodide8 Iodine7 Iodise7 Iodize16 Ionate6 Ionian6 Ionise6 Ionize15 Ipecac12 Iraqis15 Ireful9 Irenic8 Iridic9 Irises6 Iritic8 Iritis6 Irking11 Ironed7 Ironic8 Irrupt8 Islams8 Island7 Islets6 Ismael8 Ismail8 Isobar8 Isogon7 Isohel9 Isolde7 Isomer8 Isopod9 Israel6 Issued7 Issuer6 Issues6 Italia6 Italic8 Itasca8 Itched12 Itches11 Itself9 Ixodid15 Izzard25 Jabbed18 Jabber17 Jabiru15 Jablon15 Jackal19 Jacked20 Jacket19 Jacobs17 Jaeger14 Jaffna19 Jagged16 Jaguar14 Jahweh22 Jailed14 Jailer13 Jailin13 Jailor13 Jalopy18 Jambon17 Jamies15 Jamjar22 Jammed18 Jammer17 Jampan17 Jampot17 Jangle14 Jangly17 Japery18 Jarful16 Jargon14 Jarred14 Jasper15 Jassid14 Jaunts13 Jaunty16 Jawing17 Jazzed32 Jeered14 Jeerer13 Jejune20 Jelled14 Jellys16 Jennet13 Jerboa15 Jeremy18 Jerked18 Jerker17 Jerkin17 Jersey16 Jessup15 Jested14 Jester13 Jesuit13 Jetsam15 Jetted14 Jetton13 Jewels16 Jewess16 Jewish19 Jigger15 Jiggle15 Jigsaw17 Jihadi17 Jilted14 Jingle14 Jingly17 Jinked18 Jinnee13 Jinxed21 Jinxes20 Jitney16 Jitter13 Jiving17 Jobber17 Jobson15 Jockey22 Jocose15 Jocote15 Jocund16 Jogged16 Jogger15 Joggin15 Joggle15 Joined14 Joiner13 Joints13 Joists13 Jokers17 Jokier17 Jokily20 Joking18 Jolted14 Jonson13 Jorden14 Joseph18 Joshua16 Jostle13 Jotted14 Jotter13 Joules13 Jounce15 Jousts13 Jovial16 Jovian16 Joyful19 Joying17 Joyous16 Judaic16 Judder15 Judged16 Judges15 Judsen14 Judson14 Jugale14 Jugful17 Jugged16 Juggle15 Juicer15 Juices15 Jujube22 Juleps15 Julian13 Julius13 Jumbal17 Jumble17 Jument15 Jumped18 Jumper17 Junger14 Jungle14 Jungly17 Junior13 Junked18 Junker17 Junket17 Junkie17 Juntas13 Jupati15 Jupaty18 Jurgen14 Juries13 Jurist13 Jurors13 Justly16 Jutted14 K-meson12 Kabala12 Kaffir16 Kaftan13 Kaiser10 Kalian10 Kaliph15 Kalman12 Kalpac14 Kameez21 Kansan10 Kansas10 Kaolin10 Kaposi12 Kapuka16 Karate10 Karlow13 Karren10 Karyon13 Kasbah15 Kassem12 Katana10 Katari10 Kathys16 Kaunda11 Kawaka17 Kayaks17 Kayoed14 Kebabs14 Keeled11 Keener10 Keenly13 Keeper12 Kegful14 Kelcey15 Keloid11 Kelpie12 Kelsey13 Kelter10 Kelton10 Kelvin13 Kendal11 Kennel10 Kentan10 Kenyan13 Kepler12 Keppel14 Kerion10 Kernan10 Kerned11 Kernel10 Kertle10 Ketone10 Ketose10 Kettle10 Keying14 Keypad16 Keytar13 Khakis17 Khalif16 Khalil13 Khimar15 Kibble14 Kibitz21 Kibosh15 Kicked17 Kicker16 Kidded13 Kidder12 Kiddie12 Kidnap13 Kidney14 Kilian10 Killam12 Killed11 Killer10 Kilmer12 Kilroy13 Kilted11 Kilter10 Kimchi17 Kimmer14 Kimono12 Kinase10 Kinder11 Kindle11 Kindly14 Kingly14 Kinked15 Kiosks14 Kippah17 Kipper14 Kirpan12 Kirsch15 Kirtle10 Kishke17 Kismat12 Kismet12 Kissed11 Kisser10 Kisses10 Kitbag13 Kitsch15 Kitted11 Kittee10 Kitten10 Kittul10 Klaxon17 Kleber12 Klepto12 Kludge12 Kluges11 Knacks16 Knaves13 Knawel13 Kneads11 Knee-hi13 Kneels10 Knifed14 Knifes13 Knight14 Knives13 Knobby17 Knocks16 Knolls10 Knotty13 Knower13 Knowin13 Knucks16 Koalas10 Konini10 Koodoo11 Kookie14 Kopeck18 Koppel14 Koppie14 Korean10 Korten10 Koruna10 Kosher13 Koudou11 Kowhai16 Kowtow16 Kraals10 Kraska14 Kummel14 Kungfu14 Kurchi15 Kurrat10 Kurtis10 Kuvasz22 Kuwait13 Kvetch18Kwacha18 Kwanza22 Kyushu16 La-di-da8 Laager7 Labels8 Labial8 Labile8 Labium10 Labors8 Labour8 Laches11 Lacier8 Lacing9 Lacked13 Lackey15 Lactic10 Lacuna8 Ladder8 Laddie8 Ladies7 Lading8 Ladino7 Ladled8 Ladles7 Ladner7 Ladson7 Laelia6 Lagend8 Lagers7 Lagged9 Lagger8 Lagoon7 Laguna7 Lagune7 Lairds7 Lambda11 Lambie10 Lamedh12 Lamely11 Lament8 Lamest8 Lamina8 Lamour8 Lanate6 Lanced9 Lancer8 Lances8 Lancet8 Landau7 Landed8 Lander7 Landis7 Langan7 Langel7 Langer7 Langur7 Lansat6 Lanseh9 Lanset6 Lanugo7 Lapdog10 Lapels8 Lapful11 Lapped11 Lappet10 Lappin10 Lapsed9 Lapses8 Laptop10 Larded8 Larder7 Larger7 Lariat6 Larned7 Larose6 Larrup8 Larvae9 Larval9 Larynx16 Lascar8 Lasers6 Lash-up11 Lashed10 Lasher9 Lashes9 Lasing7 Lassen6 Lasses6 Lassie6 Lasted7 Lastly9 Lateen6 Lately9 Latent6 Latest6 Latham11 Lathan9 Lathee9 Lather9 Lathes9 Latino6 Latins6 Latish9 Latria6 Latten6 Latter6 Latvia9 Lauded8 Lauder7 Laughs10 Launce8 Launch11 Laurel6 Lavabo11 Lavage10 Lavish12 Lawful12 Lawing10 Lawman11 Lawmen11 Lawyer12 Laxity16 Laybys14 Layers9 Laying10 Layman11 Laymen11 Layoff15 Layout9 Lazier15 Lazily18 Lazing16 Lazuli15 Lead-in7 Leaded8 Leaden7 Leader7 Leafed10 League7 Leahey12 Leaked11 Leaker10 Leakin10 Leamer8 Lean-to6 Leaned7 Leaner6 Leaped9 Leaper8 Learns6 Learnt6 Leased7 Leaser6 Leases6 Leaved10 Leaven9 Leaver9 Leaves9 Lebrun8 Lecher11 Lechwe14 Lectin8 Lector8 Ledger8 Ledges8 Leered7 Leeway12 Legacy12 Legate7 Legato7 Legend8 Legged9 Leging8 Legion7 Legman9 Legume9 Leipoa8 Leiser6 Lekvar13 Lemmas10 Lemons8 Lemony11 Lemurs8 Lender7 Lengel7 Lenger7 Length10 Lenify12 Lenity9 Lennox13 Lenses6 Lenten6 Lentic8 Lentil6 Lepers8 Leptin8 Lepton8 Lesion6 Lessee6 Lessen6 Lesser6 Lesson6 Lessor6 Lethal9 Letter6 Levant9 Levees9 Levels9 Levers9 Levied10 Levies9 Levity12 Lewdly13 Lexeme15 Lexuss13 Leyden10 Liable8 Liaise6 Liason6 Libber10 Libbey13 Libels8 Libero8 Libido9 Libyan11 Libyas11 Lichee11 Lichen11 Lichis11 Licked13 Licker12 Lidded9 Lieder7 Liefer9 Lienal6 Lifers9 Lifted10 Lifter9 Lifton9 Ligand8 Ligate7 Ligget8 Lights10 Lignin7 Lignum9 Ligule7 Likely13 Likens10 Liking11 Likuta10 Lilacs8 Lilian6 Lilies6 Lilyan9 Limbed11 Limber10 Limbic12 Limbus10 Limeys11 Liming9 Limits8 Limmer10 Limner8 Limped11 Limper10 Limpet10 Limpid11 Limply13 Linage7 Linden7 Lineal6 Linear6 Linens6 Liners6 Lineup8 Lingam9 Linger7 Lingua7 Lining7 Linked11 Linker10 Linkup12 Linnet6 Lintel6 Linton6 Lionet6 Lipase8 Lipide9 Lipids9 Lipoid9 Lipoma10 Lipped11 Lipper10 Liquid16 Liquor15 Lisbon8 Lisman8 Lisped9 Lisper8 Lissom8 Listed7 Listen6 Lister6 Litany9 Litchi11 Liters6 Lithic11 Litmus8 Litres6 Litten6 Litter6 Little6 Livedo10 Lively12 Livens9 Livers9 Livery12 Living10 Lizard16 Llamas8 Loaded8 Loader7 Loafed10 Loafer9 Loaned7 Loaner6 Loanin6 Loathe9 Loaves9 Lobate8 Lobbed11 Lobbys13 Lobule8 Locale8 Locals8 Locate8 Lochia11 Locked13 Locker12 Locket12 Lockup14 Locule8 Locust8 Lodged9 Lodger8 Lodges8 Lofted10 Logged9 Logger8 Loggia8 Loggin8 Logics9 Logion7 Logjam16 Logoff13 Loiter6 Loligo7 Lolita6 Lolled7 Lollop8 Loment8 London7 Lonely9 Loners6 Longan7 Longed8 Longer7 Longyi10 Lontar6 Loofah12 Looked11 Looker10 Lookin10 Lookup12 Loomed9 Looney9 Loonie6 Looped9 Looper8 Loosed7 Loosen6 Looser6 Looses6 Looted7 Looter6 Loping9 Lopped11 Lopper10 Loquat15 Lordly10 Lorica8 Losers6 Losing7 Losses6 Lotion6 Lotter6 Louche11 Louden7 Louder7 Loudly10 Lounge7 Louvar9 Louver9 Louvre9 Lovage10 Lovely12 Lovers9 Loving10 Low-cal11 Low-cut11 Low-key16 Low-set9 Lowboy14 Lowell9 Lowers9 Lowest9 Lowing10 Lowish12 Lowkey16 Lowset9 Luanda7 Lubber10 Lucent8 Lucite8 Lucius8 Lucken12 Ludden8 Lugers7 Lugged9 Lugger8 Luging8 Lugosi7 Luigis7 Lulled7 Lumbar10 Lumber10 Lumbus10 Lumina8 Lummox17 Lumped11 Lumpen10 Lumper10 Lunacy11 Lunate6 Lunged8 Lungen7 Lunger7 Lunges7 Lungin7 Lungyi10 Lunula6 Lunule6 Lupine8 Lupins8 Luring7 Lurked11 Lurker10 Lurkin10 Lusaka10 Lusher9 Lusted7 Luster6 Lustre6 Luteal6 Lutein6 Luther9 Luting7 Lutist6 Luxate13 Luxury16 Lxviii16 Lxxiii20 Lxxvii23 Lxxxii27 Lxxxiv30 Lxxxvi30 Lyceum13 Lychee14 Lynxes16 Lyrate9 Lyrics11 Lyrist9 Lysine9 Macaws13 Machen13 Mackle14 Macron10 Macula10 Macule10 Madake13 Madame11 Madams11 Madcap13 Madden10 Madder10 Maddin10 Maddox17 Made-up11 Madman11 Madmen11 Madras9 Madrid10 Madsen9 Madson9 Maenad9 Maffia14 Mafias11 Maggio10 Maggot10 Magics11 Magilp11 Maglev12 Magmas11 Magner9 Magnet9 Magnum11 Magpie11 Maguey12 Magyar12 Mahala11 Mahmud14 Mahone11 Mahout11 Maiden9 Maiger9 Maigre9 Maikoa12 Mailed9 Mailer8 Mailin8 Maimed11 Maimer10 Maimin10 Mainly11 Maison8 Maitre8 Maizes17 Majors15 Make-do13 Make-up14 Makers12 Makeup14 Making13 Malady12 Malawi11 Malays11 Malcom12 Malian8 Malice10 Malign9 Mallee8 Mallet8 Mallia8 Mallow11 Malope10 Malted9 Maltha11 Mambas12 Mammal12 Mammee12 Mammon12 Manage9 Manana8 Maness8 Manful11 Mangel9 Manger9 Mangey12 Mangle9 Maniac10 Manias8 Manila8 Manioc10 Manned9 Manner8 Manors8 Manque17 Mantel8 Manter8 Mantic10 Mantid9 Mantis8 Mantle8 Mantra8 Mantua8 Manual8 Manure8 Manvil11 Maoism10 Maoist8 Maples10 Mapped13 Mapper12 Mappin12 Maputo10 Maraca10 Marang9 Maraud9 Marble10 Marcel10 Marcia10 Marcos10 Margay12 Margie9 Margin9 Marian8 Marice10 Marina8 Marine8 Marish11 Marjie15 Marked13 Marker12 Market12 Markka16 Markos12 Markup14 Marlin8 Marlow11 Marmot10 Maroon8 Marque17 Marred9 Marris8 Marron8 Marrow11 Marsha11 Marshy14 Martel8 Marten8 Martin8 Martyr11 Marumi10 Marupa10 Marvel11 Mascot10 Maseru8 Mashed12 Masher11 Mashie11 Masjid16 Masked13 Masker12 Masons8 Masque17 Massed9 Masser8 Masses8 Massif11 Masted9 Master8 Mastic10 Mathes11 Mathew14 Mathis11 Matias8 Mating9 Matins8 Matman10 Matric10 Matrix15 Matron8 Matson8 Matt-up10 Matted9 Matter8 Mature8 Matzah20 Matzoh20 Mauled9 Mauler8 Maumau10 Maxima17 Maxims17 Maxton15 Mayday15 Mayeng12 Mayfly17 Mayhap16 Mayhaw17 Mayhem16 Mayors11 Maypop15 Mazier17 Mcewen13 Meadow12 Meager9 Meagre9 Mealie8 Meaner8 Meanie8 Meanly11 Measly11 Meater8 Meatus8 Meccas12 Medals9 Meddle10 Medfly15 Medial9 Median9 Medias9 Medick15 Medico11 Medics11 Medina9 Medium11 Medlar9 Medley12 Medusa9 Meeker12 Meekly15 Meeter8 Meetin8 Megans9 Megilp11 Megohm14 Megrim11 Meikle12 Melded10 Melena8 Meline8 Mellow11 Melody12 Meloid9 Melons8 Melosa8 Melted9 Melter8 Melton8 Member12 Memnon10 Memoir10 Memory13 Menace10 Menage9 Mended10 Mendel9 Mender9 Menhir11 Menial8 Meninx15 Menken12 Mennen8 Mensal8 Mensch13 Menses8 Mental8 Mentor8 Mentum10 Mercer10 Merely11 Merest8 Merged10 Merger9 Merges9 Mergin9 Merino8 Merits8 Merkin12 Merlin8 Merlon8 Merman10 Mermen10 Mescal10 Meshed12 Meshes11 Mesial8 Mesons8 Mess-up10 Messed9 Messes8 Mester8 Metals8 Meteor8 Meters8 Method12 Methyl14 Metics10 Metier8 Metres8 Metric10 Metros8 Mettle8 Mewing12 Mexico17 Mezcal19 Mezuza26 Miasma10 Michal13 Michel13 Mickey17 Mickle14 Micron10 Micros10 Mid-off15 Midair9 Midday13 Midden10 Middle10 Midges10 Midget10 Midrib11 Midway15 Miffed15 Mights12 Mighty15 Mihrab13 Mikado13 Mikvah18 Milady12 Milage9 Milder9 Mildew12 Mildly12 Milieu8 Milium10 Milked13 Milker12 Milled9 Miller8 Millet8 Milord9 Milroy11 Milson8 Milton8 Mimics12 Miming11 Mimosa10 Minced11 Mincer10 Minces10 Minded10 Minder9 Miners8 Mingle9 Minier8 Minify14 Minima10 Mining9 Minion8 Minium10 Minnis8 Minnow11 Minoan8 Minors8 Minoru8 Minsky15 Minted9 Minter8 Minton8 Minuet8 Minute8 Minxes15 Minyan11 Miosis8 Miotic10 Mirage9 Mirror8 Miscue10 Misers8 Misery11 Misfit11 Mishap13 Mislay11 Misled9 Missal8 Missed9 Missel8 Misses8 Missis8 Missus8 Missys11 Misted9 Mister8 Misuse8 Mithan11 Mitral8 Mitred9 Mitres8 Mitten8 Mixers15 Mixing16 Mixups17 Mizzen26 Mizzle26 Moaned9 Moaner8 Moanin8 Moated9 Mobbed13 Mobcap14 Mobile10 Mochel13 Mock-up16 Mocked15 Mocker14 Mockup16 Models9 Modems11 Modern9 Modest9 Modify15 Modish12 Module9 Moduli9 Moguls9 Mohair11 Mohawk18 Moiety11 Moishe11 Molars8 Molded10 Molder9 Molest8 Mollie8 Moloch13 Molten8 Molter8 Mombin12 Moment10 Momism12 Mommys15 Monaco10 Monaul8 Monday12 Moneys11 Monger9 Mongol9 Monied9 Monies8 Monish11 Monism10 Monkey15 Monody12 Monroe8 Monsey11 Monson8 Montes8 Months11 Moodys12 Mooing9 Moolah11 Moored9 Mooted9 Mopeds11 Moping11 Mopped13 Mopper12 Moppet12 Morale8 Morals8 Morass8 Morays11 Morbid11 Moreen8 Morgen9 Morgue9 Morion8 Mormon10 Morons8 Morose8 Morrow11 Morsel8 Mortal8 Mortar8 Mortem10 Mortis8 Morula8 Mosaic10 Moscow13 Moshav14 Moshes11 Moslem10 Mosley11 Mosque17 Mosses8 Mostly11 Motels8 Motets8 Mother11 Motifs11 Motile8 Motion8 Motive11 Motley11 Motmot10 Motors8 Motown11 Mottle8 Moujik19 Moulds9 Mouldy12 Moults8 Mounds9 Mounts8 Mourns8 Mouser8 Mousey11 Mousse8 Mouths11 Mouton8 Movers11 Movies11 Moving12 Mowers11 Mowing12 Mozart17 Mucked15 Muckle14 Mucoid11 Mucosa10 Mucose10 Mucous10 Mucuna10 Mudcat11 Mudder10 Muddle10 Mudhif15 Muesli8 Muffed15 Muffin14 Muffle14 Mugful12 Mugged11 Muggee10 Mugger10 Mulish11 Mullah11 Mullan8 Mulled9 Mullen8 Muller8 Mullet8 Mumble12 Mummer12 Mummys15 Muncey13 Muncie10 Munden9 Munich13 Munson8 Muppet12 Murals8 Murder9 Murine8 Murmur10 Murphy16 Murray11 Murren8 Murrey11 Murtha11 Muscat10 Muscle10 Museum10 Musher11 Mushes11 Musics10 Musing9 Musjid16 Muskat12 Musket12 Muskie12 Muslim10 Muslin8 Musnud9 Mussel8 Muster8 Mutant8 Mutate8 Mutely11 Muting9 Mutiny11 Mutism10 Mutter8 Mutton8 Mutual8 Muumuu10 Muzhik24 Muzjik28 Muzzle26 Myelic13 Myelin11 Mynahs14 Myopia13 Myopic15 Myosin11 Myosis11 Myotic13 Myriad12 Myrtle11 Myself14 Mystic13 Mythic16 Myxoma20 Nabbed11 Naboom10 Nagami9 Nagged9 Nagger8 Naiads7 Naiant6 Nailed7 Nailer6 Nailin6 Nameko12 Namely11 Naming9 Nammad11 Nanism8 Nantua6 Napalm10 Napery11 Napkin12 Naples8 Napped11 Nappin10 Narcos8 Nardoo7 Narial6 Narrow9 Narwal9 Nasale6 Nasion6 Nation6 Native9 Natter6 Nature6 Naught10 Nausea6 Nautch11 Navels9 Navies9 Nazify21 Nazism17 Nealon6 Nearby11 Neared7 Nearer6 Nearly9 Neaten6 Neater6 Neatly9 Nebula8 Nebule8 Necked13 Necker12 Nectar8 Needed8 Needer7 Needle7 Neednt7 Negate7 Nekton10 Nelson6 Neocon8 Nepali8 Nephew14 Nerita6 Nerves9 Nervus9 Nested7 Nester6 Nestle6 Nether9 Netted7 Nettle6 Neukam12 Neural6 Neuron6 Neuter6 Nevels9 Newbie11 Newest9 Newish12 Newton9 Ngoing8 Ngunis7 Niacin8 Nibbed11 Nibble10 Nicely11 Nicene8 Nicest8 Nicety11 Niches11 Nichol11 Nicked13 Nickel12 Nicker12 Nickum14 Nickys15 Nicolo8 Nieces8 Nigger8 Niggle8 Nigher10 Nights10 Nikkei14 Nilgai7 Nilson6 Nimble10 Nimbly13 Nimbus10 Nimmer10 Nin-sin6 Ninety9 Ninths9 Nipped11 Nipper10 Nipple10 Nippon10 Nitric8 Nitril6 Nitwit9 No-goal7 No-good8 No-show12 Nobble10 Nobler8 Nobles8 Nobody12 Nocent8 Nodded9 Noddle8 Nodule7 Noesis6 Noetic8 Noggin8 Noises6 Noland7 Nomads9 Non-Jew16 Nonage7 Noncom10 Nonfat9 Noodle7 Nookie10 Noonan6 Noosed7 Nooses6 Nordic9 Normal8 Norman8 Normed9 Normin8 Norway12 Nosh-up11 Nosher9 Nosier6 Nosily9 Nosing7 Nostoc8 Notary9 Notate6 Notice8 Notify12 Noting7 Notion6 Nougat7 Nought10 Nounal6 Novate9 Novels9 Novena9 Novice11 Novick15 Nowell9 Nowise9 Nozzle24 Nuance8 Nubbin10 Nubble10 Nubbly13 Nubile8 Nuclei8 Nudged9 Nudger8 Nudges8 Nudism9 Nudist7 Nudity10 Nudnik11 Nugget8 Nullah9 Numbat10 Numbed11 Number10 Numbly13 Numdah12 Nuncio8 Nursed7 Nurser6 Nurses6 Nutate6 Nutlet6 Nutley9 Nutmeg9 Nutria6 Nutter6 Nuzzle24 Nybble13 Nylons9 Nympho16 Nymphs16 O'clock14 Oafish12 Oakley13 Obeche13 Obechi13 Obelia8 Obeyed12 Obiism10 Object17 Oblate8 Oblige9 Oblong9 Oboist8 Obolus8 Obsess8 Obtain8 Obtund9 Obtuse8 Occult10 Occupy15 Occurs10 Oceans8 Ocelot8 Ochres11 Octane8 Octant8 Octave11 Octavo11 Octets8 Octroi8 Ocular8 Oculus8 Odd-job17 Oddest8 Oddish11 Oddity11 Oddjob17 Odds-on8 Odelia7 Odious7 Odiums9 Odours7 Oedema9 Oeuvre9 Off-day16 Off-key19 Offcut14 Offend13 Offers12 Office14 Offing13 Offish15 Offset12 Ogdoad9 Ogling8 Ogress7 Ogrish10 Ohioan9 Ohlman11 Ohmage12 Oilcan8 Oilers6 Oilier6 Oiling7 Oilman8 Oilmen8 Oilrig7 Oinked11 Okapis12 Okayed14 Olcott8 Old-hat10 Oldage8 Oldest7 Oldish10 Olefin9 Oliver9 Olives9 Olivia9 Omasum10 Omega-38 Omega-68 Omelet8 Omerta8 On-line6 On-site6 Onager7 One-man8 One-off12 One-way12 Onions6 Online6 Onrush9 Onside7 Onuses6 Onward10 Onyxes16 Onyxis16 Oocyte11 Oodles7 Oology10 Oolong7 Oompah13 Oozing16 Opaque17 Opened9 Opener8 Openin8 Openly11 Operas8 Operon8 Opiate8 Opined9 Opines8 Opioid9 Oppose10 Oppugn11 Optics10 Optima10 Opting9 Option8 Opuses8 Orache11 Oracle8 Oralia6 Orally9 Orange7 Orangs7 Orated7 Orates6 Orator6 Orbits8 Orchid12 Orchil11 Orchis11 Ordain7 Ordeal7 Orders7 Ordure7 Oregon7 Oreide7 Orelia6 Orford10 Organs7 Orgasm9 Orgies7 Orient6 Origin7 Oriole6 Orison6 Orland7 Ormand9 Ormolu8 Ormond9 Ornate6 Ornery9 Oroide7 Orphan11 Orphic13 Orpine8 Orrery9 Ortman8 Orwell9 Oryxes16 Osborn8 Osburn8 Oscars8 Oscine8 Osiris6 Osmium10 Osmond9 Osmund9 Osprey11 Ossify12 Osteal6 Ostler6 Ostomy11 Others9 Otiose6 Otitis6 Otters6 Oughta10 Ounces8 Ousted7 Ouster6 Outage7 Outbid9 Outcry11 Outdid8 Outfit9 Outfox16 Outing7 Outlaw9 Outlay9 Outlet6 Outman8 Output8 Outran6 Outrun6 Outset6 Outvie9 Outwit9 Overdo10 Overly12 Ovular9 Owlets9 Owlish12 Owners9 Owning10 Ox-eyed17 Oxalic15 Oxalis13 Oxcart15 Oxford17 Oxides14 Oxtail13 Oxtant13 Oxygen17 Oyabun11 Oyster9 Ozaena15 Pa'anga9 Pablum12 Pacers10 Pacify16 Pacing11 Packed15 Packer14 Packet14 Padauk13 Padded11 Padder10 Paddin10 Paddle10 Padget10 Padouk13 Padres9 Paeans8 Paella8 Paeony11 Pagans9 Pagers9 Paging10 Paglia9 Pagoda10 Paid-up11 Paidup11 Paigle9 Pained9 Paints8 Paired9 Pajama17 Palace10 Palate8 Palely11 Palest8 Paling9 Palish11 Palled9 Pallet8 Pallid9 Pallor8 Palmar10 Palmed11 Palter8 Paltry11 Pampas12 Pamper12 Pan-fry14 Panama10 Pandar9 Pandas9 Pander9 Panels8 Panful11 Pangas9 Panics10 Panned9 Pannin8 Panted9 Pantie8 Pantry11 Panzer17 Papacy15 Papaia10 Papain10 Papaws13 Papaya13 Papers10 Papery13 Papism12 Papist10 Pappus12 Papuan10 Papule10 Papyri13 Paquet17 Parade9 Paramo10 Parang9 Paraph13 Parcel10 Pardon9 Parent8 Pareve11 Parget9 Pariah11 Paries8 Paring9 Parish11 Parity11 Parkas12 Parked13 Parlay11 Parley11 Parlor8 Parody12 Parole8 Parous8 Parrot8 Parsec10 Parsed9 Parser8 Parses8 Parson8 Parted9 Parten8 Partly11 Partys11 Parvis11 Pasang9 Pascal10 Passed9 Passee8 Passel8 Passer8 Passes8 Passim10 Pastas8 Pasted9 Pastel8 Paster8 Pastes8 Pastil8 Pastis8 Pastor8 Pastry11 Pataca10 Patchy16 Patent8 Pathan11 Pathos11 Patina8 Patois8 Patrol8 Patron8 Patted9 Patten8 Patter8 Patzer17 Paunch13 Pauper10 Paused9 Pauses8 Pavage12 Pavane11 Paving12 Pavior11 Pavise11 Pavlov14 Pawing12 Pawned12 Pawpaw16 Paxton15 Payday15 Payees11 Payers11 Paying12 Paynim13 Payoff17 Payola11 Payout11 Pe-tsai8 Peachy16 Peahen11 Peaked13 Peakin12 Pealed9 Peanut8 Pearls8 Pearly11 Peavey14 Pebble12 Pebbly15 Pecked15 Pecker14 Pectic12 Pectin10 Pectus10 Pedals9 Pedant9 Pedate9 Peddle10 Pedlar9 Pee-pee10 Peeing9 Peeked13 Peekin12 Peeled9 Peeler8 Peeped11 Peeper10 Peepul10 Peered9 Peeved12 Peewee11 Peewit11 Pegged11 Pegleg10 Peking13 Pelage9 Pellet8 Pelmet10 Pelota8 Pelted9 Pelter8 Pelton8 Peludo9 Pelvic13 Pelvis11 Pencil10 Penial8 Penile8 Penman10 Penned9 Pennon8 Pennys11 Pent-up10 Pentad9 Penult8 Penury11 People10 Peplos10 Peplum12 Peplus10 Peppel12 Pepper12 Pepsin10 Peptic12 Perham13 Perils8 Period9 Perish11 Perked13 Perkin12 Permed11 Permit10 Pernio8 Perron8 Persia8 Person8 Pertly11 Peruke12 Peruse8 Peseta8 Pesewa11 Pester8 Pestis8 Pestle8 Petals8 Petard9 Peters8 Petipa10 Petite8 Petrea8 Petrel8 Petrol8 Petros8 Petted9 Petter8 Pewter11 Peyote11 Phaius11 Phalsa11 Pharma13 Pharos11 Phased12 Phases11 Phasin11 Phenix18 Phenol11 Phenom13 Philia11 Philip13 Phlegm14 Phloem13 Phobia13 Phobic15 Phobos13 Phoebe13 Phoned12 Phoner11 Phones11 Phoney14 Phonic13 Phonin11 Phonon11 Phooey14 Photic13 Photon11 Photos11 Phrase11 Phyllo14 Phylum16 Physic16 Physio14 Piaffe14 Piazza26 Pickax21 Picked15 Picker14 Picket14 Pickle14 Pickup16 Picnic12 Piddle10 Pidgin10 Pie-dog10 Pieced11 Pieces10 Piedra9 Pierce10 Pierid9 Piffle14 Pigeon9 Piglet9 Pigman11 Pignut9 Pigpen11 Pigsty12 Pilaff14 Pilary11 Pileup10 Pileus8 Pilfer11 Piling9 Pillar8 Pillow11 Pilose8 Pilots8 Pilous8 Pimple12 Pimply15 Pinard9 Pinata8 Pincer10 Pinche13 Pineal8 Pinger9 Pining9 Pinion8 Pinite8 Pinked13 Pinker12 Pinkie12 Pinkos12 Pinned9 Pinner8 Pinole8 Pinsky15 Pintle8 Pinups10 Pinyon11 Piolet8 Pipage11 Pipers10 Piping11 Pipits10 Pipkin14 Pipped13 Pippin12 Piqued18 Piquet17 Piracy13 Pirana8 Pirate8 Pirogi9 Piss-up10 Pissed9 Pisser8 Pistia8 Pistil8 Pistol8 Piston8 Pitchy16 Pitied9 Pities8 Pitman10 Pitons8 Pitsaw11 Pitted9 Pivots11 Pixels15 Pixies15 Pizazz35 Pizzas26 Pizzaz35 Placed11 Placer10 Places10 Placid11 Placin10 Plague9 Plaguy12 Plaice10 Plaids9 Plains8 Plaint8 Plaits8 Planar8 Planed9 Planer8 Planes8 Planet8 Planks12 Plants8 Plaque17 Plasma10 Platan8 Plated9 Platen8 Plater8 Plates8 Platin8 Played12 Player11 Plazas17 Pleach13 Pleads9 Please8 Pleats8 Pledge10 Pleiad9 Plenty11 Plenum10 Pleura8 Plexor15 Plexus15 Pliant8 Pliers8 Plight12 Plinth11 Plough12 Plover11 Plowed12 Plower11 Plucks14 Plucky17 Plug-in9 Plumbs12 Plumed11 Plumes10 Plummy15 Plunge9 Plural8 Pluses8 Plushy14 Pluton8 Plutos8 Plyers11 Plying12 Pneuma10 Pocked15 Pocket14 Podded11 Podium11 Podsol9 Podzol18 Poetic10 Poetry11 Pogrom11 Points8 Pointy11 Poised9 Poises8 Poison8 Pokers12 Poking13 Polack14 Poland9 Polder9 Poleax15 Police10 Policy13 Polish11 Polite8 Polity11 Polkas12 Pollak12 Polled9 Pollen8 Pollex15 Pollok12 Polony11 Polyps13 Pom-pom14 Pomade11 Pomelo10 Pommel12 Pompey15 Pompon12 Poncho13 Ponder9 Pongee9 Pongid10 Ponies8 Pontes8 Ponton8 Poodle9 Pookie12 Pooled9 Pooler8 Pooped11 Poorer8 Poorly11 Pop-fly16 Popery13 Popgun11 Popish13 Poplar10 Poplin10 Popped13 Popper12 Poppet12 Poring9 Porker12 Porose8 Porous8 Portal8 Ported9 Porter8 Portin8 Portly11 Posers8 Poseur8 Posies8 Posing9 Posits8 Posset8 Possum10 Post-It8 Postal8 Posted9 Poster8 Potage9 Potash11 Potato8 Potboy13 Poteen8 Potent8 Potful11 Pother11 Pothos11 Potion8 Potman10 Potpie10 Potted9 Potter8 Pottle8 Pouffe14 Poulet8 Pounce10 Pounds9 Poured9 Pouted9 Pouter8 Powder12 Powers11 Powwow17 Prague9 Praise8 Prance10 Pranks12 Prater8 Prawns11 Praxis15 Prayed12 Prayer11 Preach13 Preamp12 Precis10 Preens8 Prefab13 Prefer11 Prefix18 Prelim10 Premie10 Premix17 Prepay13 Preset8 Presto8 Pretor8 Pretty11 Prevue11 Prewar11 Preyed12 Priams10 Priced11 Pricer10 Prices10 Pricey13 Pricks14 Prided10 Prides9 Priest8 Primal10 Primed11 Primer10 Primes10 Primin10 Primly13 Primus10 Prince10 Prinos8 Prints8 Prions8 Priors8 Priory11 Prised9 Prises8 Prisms10 Prison8 Prissy11 Privet11 Prized18 Prizer17 Prizes17 Probed11 Prober10 Probes10 Probin10 Prodeo9 Profit11 Prolix15 Prompt12 Prongs9 Prongy12 Pronto8 Proofs11 Propel10 Proper10 Propyl13 Protea8 Proton8 Proved12 Proven11 Proves11 Prowls11 Pruned9 Pruner8 Prunes8 Prying12 Psalms10 Pseudo9 Psocid11 Psyche16 Psycho16 Psylla11 Ptosis8 Public12 Pucker14 Puddin10 Puddle10 Pueblo10 Puffed15 Puffer14 Puffin14 Pug-dog11 Puking13 Puling9 Pull-in8 Pull-up10 Pulled9 Puller8 Pullet8 Pulley11 Pulped11 Pulpit10 Pulque17 Pulsar8 Pulsed9 Pulses8 Pumice12 Pummel12 Pumped13 Punchy16 Pundit9 Punier8 Punily11 Punish11 Punkah15 Punkey15 Punkie12 Punned9 Punnet8 Punted9 Punter8 Pupate10 Pupils10 Puppet12 Purdah12 Purees8 Purely11 Purest8 Purged10 Purges9 Purgin9 Purify14 Purims10 Purine8 Purism10 Purist8 Purity11 Purloo8 Purple10 Purred9 Purrin8 Pursed9 Purser8 Purses8 Pursue8 Purvey14 Pushed12 Pusher11 Pushes11 Pushup13 Pusses8 Pussly11 Put-put10 Putnam10 Putoff14 Putout8 Putput10 Putrid9 Putsch13 Putted9 Puttee8 Putter8 Puttin8 Puzzle26 Pye-dog13 Pyemia13 Pyemic15 Pyinma13 Pyjama20 Pyknic17 Pylons11 Pyrene11 Pyrite11 Pyrola11 Pyrope13 Python14 Pyuria11 Qabala17 Qaftan18 Qatari15 Qintar15 Quacks21 Quagga17 Quaggy20 Quahog19 Quails15 Quaint15 Quaked20 Quaker19 Quakes19 Qualms17 Quango16 Quarks19 Quarry18 Quarto15 Quarts15 Quartz24 Quasar15 Quaver18 Queach20 Queasy18 Quebec19 Queens15 Quells15 Quemoy20 Quench20 Quests15 Quetch20 Queued16 Queues15 Quiche20 Quicky24 Quiets15 Quills15 Quilts15 Quince17 Quinon15 Quinsy18 Quinta15 Quinto15 Quirks19 Quirky22 Quiver18 Quoins15 Quoits15 Quorum17 Quotas15 Quoted16 Quoter15 Quotes15 Qurush18 Rabato8 Rabats8 Rabbet10 Rabbis10 Rabbit10 Rabble10 Rabies8 Raceme10 Racers8 Rachel11 Rachet11 Rachis11 Racial8 Racier8 Racily11 Racing9 Racism10 Racist8 Racked13 Racker12 Racket12 Racoon8 Radars7 Raddle8 Radial7 Radian7 Radios7 Radish10 Radium9 Radius7 Radnor7 Radome9 Raetam8 Raffia12 Raffle12 Rafted10 Rafter9 Ragbag10 Ragged9 Raging8 Raglan7 Ragmen9 Ragout7 Ragtag8 Raided8 Raider7 Railed7 Railes6 Railin6 Rained7 Raised7 Raiser6 Raises6 Raisin6 Rakers10 Raking11 Rakish13 Ralphs11 Ramate8 Ramble10 Ramify14 Ramjet15 Rammed11 Rammel10 Rammer10 Ramona8 Ramose8 Ramous8 Ramped11 Ramrod9 Ramses8 Rancho11 Rancid9 Rancor8 Randas7 Random9 Ranged8 Ranger7 Ranges7 Ranked11 Ranker10 Rankle10 Ransom8 Ranted7 Ranter6 Ranula6 Rapers8 Raphia11 Rapids9 Rapier8 Rapine8 Raping9 Rapist8 Rapped11 Rappee10 Rappel10 Rapper10 Rappin10 Raptly11 Raptor8 Raptus8 Rarefy12 Rarely9 Rarest6 Rarify12 Raring7 Rarity9 Rascal8 Rasher9 Rashes9 Rashly12 Rasing7 Rasped9 Rasper8 Raster6 Rastus6 Rat-tat6 Raters6 Rather9 Ratify12 Rating7 Ration6 Ratios6 Ratite6 Ratlin6 Rattan6 Ratter6 Rattle6 Raunch11 Ravage10 Rave-up11 Ravels9 Ravens9 Ravers9 Ravine9 Raving10 Ravish12 Rawest9 Rayons9 Razing16 Razors15 Razzle24 Re-echo11 Reacts8 Reader7 Reagin7 Really9 Realms8 Realty9 Reamer8 Reaped9 Reaper8 Reared7 Rearer6 Rearms8 Reason6 Rebate8 Rebato8 Rebbes10 Rebeck14 Rebels8 Rebind9 Rebook12 Reboot8 Reborn8 Rebozo17 Rebuff14 Rebuke12 Rebury11 Recall8 Recant8 Recaps10 Recast8 Recede9 Recent8 Recess8 Recipe10 Recite8 Reckon12 Recode9 Recoil8 Recopy13 Record9 Recoup10 Rectal8 Rector8 Rectum10 Rectus8 Recumb12 Recurs8 Recuse8 Red-eye10 Red-hot10 Red-ink11 Redact9 Redbud10 Redbug10 Redcap11 Redden8 Redder8 Reddle8 Redeem9 Redeye10 Redial7 Redone7 Redraw10 Redsea7 Reduce9 Reecho11 Reefed10 Reefer9 Reeked11 Reekin10 Reeled7 Reeler6 Reface11 Refers9 Refile9 Refill9 Refine9 Refits9 Reflex16 Reflux16 Reform11 Refuel9 Refuge10 Refund10 Refuse9 Refute9 Regain7 Regale7 Regans7 Regard8 Regent7 Reggae8 Regime9 Regina7 Region7 Regret7 Regrow10 Rehash12 Rehear9 Reheat9 Reheel9 Reigns7 Reined7 Reject15 Rejoin13 Relace8 Relaid7 Relate6 Relays9 Relent6 Relics8 Relict8 Relied7 Relief9 Relies6 Reline6 Relink10 Relish9 Relive9 Reload7 Remade9 Remain8 Remake12 Remand9 Remaps10 Remark12 Remedy12 Remind9 Remise8 Remiss8 Remits8 Remold9 Remora8 Remote8 Remove11 Remsen8 Remuda9 Rename8 Rended8 Render7 Renege7 Renews9 Rennet6 Rennin6 Renown9 Rental6 Rented7 Renter6 Reopen8 Repack14 Repaid9 Repair8 Repand9 Repast8 Repays11 Repeal8 Repeat8 Repels8 Repent8 Repine8 Replay11 Replug9 Report8 Repose8 Repugn9 Repute8 Reread7 Reruns6 Resale6 Rescan8 Rescue8 Reseal6 Reseat6 Reseau6 Resect8 Reseda7 Reseed7 Resell6 Resend7 Resent6 Resets6 Reship11 Reshow12 Reside7 Resift9 Resign7 Resile6 Resins6 Resiny9 Resist6 Resits6 Resize15 Resold7 Resole6 Resorb8 Resort6 Rested7 Rester6 Result6 Resume8 Retail6 Retain6 Retake10 Retard7 Retell6 Retest6 Retick12 Retied7 Retina6 Retire6 Retold7 Retook10 Retool6 Retort6 Retral6 Retted7 Retune6 Return6 Retype11 Reuben8 Reused7 Reuses6 Revamp13 Reveal9 Revels9 Revere9 Revers9 Revert9 Revery12 Review12 Revile9 Revise9 Revive12 Revoke13 Revolt9 Revues9 Revved13 Reward10 Rewind10 Rewire9 Reword10 Rework13 Rewrap11 Rhaphe14 Rhesus9 Rheumy14 Rhinal9 Rhinos9 Rhonda10 Rhumba13 Rhymed15 Rhymer14 Rhymes14 Rhymin14 Rhythm17 Rialto6 Ribald9 Riband9 Ribbed11 Ribbon10 Ribier8 Ribose8 Richer11 Riches11 Richly14 Richts11 Rickey15 Ricrac10 Rictus8 Ridden8 Riddle8 Riders7 Ridged9 Ridgel8 Ridges8 Ridgil8 Riding8 Ridley10 Riffle12 Rifled10 Rifles9 Rigdon8 Rigged9 Rigger8 Rights10 Rigors7 Rigour7 Rigout7 Riling7 Riming9 Rimmed11 Rimose8 Rinard7 Rincon8 Ringed8 Ringer7 Ringle7 Rinsed7 Rinses6 Rioted7 Rioter6 Rip-off14 Ripely11 Ripens8 Ripest8 Riping9 Ripley11 Ripoff14 Ripped11 Ripper10 Ripple10 Ripsaw11 Risers6 Rising7 Risked11 Riskin10 Risque15 Ritner6 Ritual6 Rivals9 Rivers9 Rivets9 Roamed9 Roamer8 Roamin8 Roared7 Roarer6 Roasts6 Robalo8 Robbed11 Robber10 Robers8 Robins8 Robots8 Robson8 Robust8 Rocher11 Rocked13 Rocker12 Rocket12 Rococo10 Rodent7 Rodeos7 Rodger8 Rogers7 Rogues7 Roiled7 Roland7 Roll-on6 Rolled7 Roller6 Rolley9 Romaic10 Romani8 Romans8 Romany11 Romish11 Rommel10 Romped11 Romper10 Ronans6 Rondel7 Rondon7 Roofed10 Roofer9 Rookie10 Roomer8 Roomie8 Roosts6 Rooted7 Rooter6 Rootle6 Roping9 Rosary9 Rosier6 Rosily9 Rosita6 Rosman8 Rosner6 Roster6 Rotary9 Rotate6 Rotgut7 Rotman8 Rotors6 Rotted7 Rotten6 Rotter6 Rotund7 Rouble8 Rouged8 Rouges7 Roughs10 Rounds7 Roused7 Rouser6 Rouses6 Routed7 Router6 Routes6 Rovers9 Roving10 Rowers9 Rowing10 Royals9 Ruanda7 Rubato8 Rubbed11 Rubber10 Rubble10 Rubens8 Rubies8 Rubify14 Rubles8 Rubric10 Ruckle12 Ruckus12 Rudder8 Ruddle8 Rudely10 Rudest7 Rudman9 Rueful9 Ruffin12 Ruffle12 Ruford10 Rugged9 Rugger8 Rugose7 Ruined7 Ruiner6 Rulers6 Ruling7 Rumbas10 Rumble10 Rumery11 Rummer10 Rumour8 Rumple10 Rumpus10 Runcie8 Rundle7 Runnel6 Runner6 Runnin6 Runoff12 Runway12 Rupees8 Rupert8 Rupiah11 Rushed10 Rusher9 Rushes9 Russet6 Russia6 Rusted7 Rustic8 Rustle6 Ruther9 Ruthie9 Rutile6 Rutted7 Rwanda10 Ryland10 Sabbat10 Sabers8 Sabicu10 Sabine8 Sables8 Sabras8 Sabres8 Sachem13 Sachet11 Sacked13 Sacque17 Sacral8 Sacred9 Sacrum10 Saddam10 Sadden8 Sadder8 Saddhu11 Saddle8 Sadism9 Sadist7 Safari9 Safely12 Safest9 Safety12 Safing10 Sagely10 Sagest7 Sagged9 Sahara9 Saigon7 Sailed7 Sailer6 Sailin6 Sailor6 Saints6 Saipan8 Salaah9 Salaam8 Salaat6 Salade7 Salads7 Salami8 Salary9 Saline6 Saliva9 Sallet6 Sallow9 Salmon8 Salome8 Salons6 Saloon6 Salted7 Salter6 Salute6 Salved10 Salver9 Salves9 Salvia9 Salvor9 Salwar9 Salyer9 Samara8 Sambar10 Sambas10 Sambre10 Sambur10 Samekh15 Samiel8 Samite8 Samoan8 Samosa8 Sampan10 Sample10 Samson8 Sandal7 Sanded8 Sander7 Sandhi10 Sandia7 Sandro7 Sanely9 Sanest6 Sanies6 Sanity9 Sannup8 Sapota8 Sapote8 Sapped11 Sapper10 Sappin10 Sarape8 Sarong7 Sartor6 Sashay12 Sashes9 Satang7 Sateen6 Sating7 Satins6 Satiny9 Satire6 Satori6 Satrap8 Saturn6 Satyrs9 Saucer8 Sauces8 Saudis7 Saunas6 Saurel6 Savage10 Savant9 Savers9 Saving10 Savior9 Savors9 Savory12 Savour9 Sawfly15 Sawing10 Sawpit11 Sawyer12 Saxist13 Saxons13 Saxony16 Saxton13 Saying10 Scabby15 Scalar8 Scalds9 Scaled9 Scaler8 Scales8 Scaley11 Scalia8 Scalic10 Scalin8 Scally11 Scalps10 Scampi12 Scampo12 Scanty11 Scarab10 Scarce10 Scared9 Scarer8 Scares8 Scarey11 Scarfs11 Scathe11 Scatty11 Scenes8 Scenic10 Scents8 Schema13 Scheme13 Schism13 Schist11 Schlep13 Schnoz20 School11 Schorl11 Schrod12 Schtik15 Schuss11 Schwas14 Sciara8 Scilla8 Sclaff14 Sclera8 Scolds9 Scolia8 Sconce10 Scones8 Scoops10 Scoots8 Scopal10 Scopes10 Scopin10 Scorch13 Scored9 Scorer8 Scores8 Scoria8 Scorns8 Scotch13 Scoter8 Scotia8 Scours8 Scouse8 Scouts8 Scowls11 Scrams10 Scrape10 Scraps10 Scrawl11 Screak12 Scream10 Screed9 Screen8 Screws11 Screwy14 Scribe10 Scrimp12 Scrimy13 Script10 Scroll8 Scrubs10 Scruff14 Scrums10 Scubas10 Sculls8 Sculpt10 Scummy15 Scurfy14 Scurry11 Scurvy14 Scythe14 Sea-ear6 Seabag9 Seabed9 Seacow11 Seagod8 Sealed7 Sealer6 Seaman8 Seamed9 Seamen8 Seance8 Search11 Seared7 Season6 Seated7 Seater6 Seatin6 Seaway12 Secant8 Secede9 Secern8 Seckel12 Second9 Secpar10 Secret8 Sector8 Secure8 Sedate7 Sedges8 Seduce9 Sedums9 Seeded8 Seeder7 Seeing7 Seeker10 Seekin10 Seemed9 Seemly11 Seeped9 Seesaw9 Seethe9 Segars7 Seiche11 Seidel7 Seigel7 Seisin6 Seized16 Seizer15 Seizes15 Seldom9 Select8 Seljuk17 Seller6 Selsyn9 Selves9 Semele8 Semite8 Senate6 Sendee7 Sender7 Sendup9 Senega7 Senhor9 Senile6 Senior6 Seniti6 Sennet6 Sennit6 Senora6 Sensed7 Senses6 Sensor6 Sentry9 Sepsis8 Septal8 Septet8 Septic10 Septum10 Sequel15 Sequin15 Serail6 Serape8 Seraph11 Serbia8 Serene6 Serger7 Serial6 Series6 Serifs9 Serine6 Seriph11 Sermon8 Serosa6 Serous6 Serres6 Serums8 Serval9 Served10 Server9 Serves9 Servin9 Sesame8 Sestet6 Setoff12 Setose6 Settee6 Setter6 Settle6 Sevens9 Severe9 Severs9 Sewage10 Sewers9 Sewing10 Sewist9 Sexier13 Sexily16 Sexing14 Sexism15 Sexist13 Sexpot15 Sextet13 Sexton13 Sexual13 Shabby16 Shacks15 Shaded11 Shades10 Shadow13 Shafts12 Shaggy14 Shaken13 Shaker13 Shakes13 Shallu9 Shaman11 Shamas11 Shamed12 Shames11 Shamin11 Shammy16 Shamus11 Shandy13 Shanks13 Shanny12 Shanty12 Shaped12 Shaper11 Shapes11 Shapin11 Shards10 Shared10 Sharer9 Shares9 Sharia9 Sharks13 Sharps11 Sharpy14 Shaved13 Shaven12 Shaver12 Shaves12 Shawls12 Shawny15 She-bop13 She-oak13 Shears9 Sheath12 Sheeny12 Sheesh12 Sheets9 Sheika13 Sheikh16 Sheiks13 Shekel13 Shelfy15 Shells9 Shelve12 Shelvy15 Sherds10 Sherry12 Shibah14 Shield10 Shifts12 Shifty15 Shiksa13 Shikse13 Shimmy16 Shindy13 Shined10 Shiner9 Shines9 Shinny12 Shinto9 Shires9 Shirts9 Shirty12 Shisha12 Shitty12 Shivah15 Shiver12 Shlock15 Shmear11 Shmuck17 Shnook13 Shnorr9 Shoals9 Shoaly12 Shocks15 Shoddy14 Shofar12 Shogun10 Shoo-in9 Shooed10 Shoots9 Shored10 Shores9 Shorts9 Shorty12 Should10 Shouts9 Shoved13 Shovel12 Shover12 Shoves12 Showed13 Shower12 Showin12 Shrank13 Shreds10 Shrewd13 Shrews12 Shriek13 Shrift12 Shrike13 Shrill9 Shrimp13 Shrine9 Shrink13 Shrive12 Shroud10 Shrubs11 Shrugs10 Shrunk13 Shtick15 Shtikl13 Shucks15 Shudra10 Shufti12 Shumac13 Shunts9 Shut-in9 Shutup11 Shvitz21 Shyest12 Shying13 Sibbie10 Sicily11 Sicken12 Sicker12 Sickie12 Sickle12 Sickly15 Siders7 Siding8 Sidled8 Sieber8 Siecle8 Sieges7 Sienna6 Sierra6 Siesta6 Sieved10 Sieves9 Sifted10 Sifter9 Sighed11 Sights10 Sigler7 Signal7 Signed8 Signer7 Signet7 Signor7 Silage7 Silber8 Silene6 Silent6 Silica8 Silken10 Silted7 Silvan9 Silvas9 Silver9 Silvex16 Silvia9 Silvie9 Simeon8 Simian8 Simile8 Simmer10 Simmon10 Simnel8 Simons8 Simony11 Simoom10 Simoon8 Simper10 Simple10 Simply13 Simson8 Sinews9 Sinewy12 Sinful9 Singed8 Singer7 Singes7 Single7 Singly10 Sinker10 Sinned7 Sinner6 Sinter6 Sinton6 Siouan6 Siphon11 Sipped11 Sipper10 Sirdar7 Sirens6 Sirius6 Sirrah9 Sisham11 Siskin10 Sissoo6 Sister6 Sitcom10 Siting7 Sitter6 Six-gun14 Sixths16 Sixtys16 Sizing16 Sizzle24 Skanky17 Skated11 Skater10 Skates10 Skatin10 Sketch15 Skewed14 Skewer13 Skibob14 Skiers10 Skiing11 Skills10 Skilly13 Skimpy17 Skinny13 Skirts10 Skivvy19 Skreak14 Skulks14 Skulls10 Skunks14 Skybox22 Skycap17 Skyway19 Slacks12 Slaked11 Slalom8 Slangy10 Slants6 Slap-up10 Slated7 Slater6 Slates6 Slatey9 Slaved10 Slaver9 Slaves9 Slavey12 Slavic11 Slayed10 Slayer9 Sleaze15 Sleazy18 Sledge8 Sleeks10 Sleeps8 Sleepy11 Sleets6 Sleety9 Sleeve9 Sleigh10 Sleuth9 Slewed10 Sliced9 Slicer8 Slices8 Slicks12 Slided8 Slider7 Slides7 Slight10 Slimed9 Slimes8 Slimly11 Slings7 Slinky13 Slip-on8 Slip-up10 Slippy13 Slipup10 Sliver9 Slogan7 Sloped9 Slopes8 Slopin8 Sloppy13 Sloths9 Slouch11 Slough10 Slovak13 Sloven9 Slowed10 Slower9 Slowin9 Slowly12 Sludge8 Sludgy11 Sluice8 Slummy13 Slumps10 Slurps8 Slurry9 Slushy12 Smacks14 Smalls8 Smaltz17 Smarmy13 Smarta8 Smarts8 Smears8 Smegma11 Smells8 Smelly11 Smidge10 Smilax15 Smiled9 Smiler8 Smiles8 Smiley11 Smirch13 Smirks12 Smiths11 Smithy14 Smocks14 Smoggy13 Smoked13 Smoker12 Smokes12 Smokin12 Smooch13 Smooth11 Smudge10 Smudgy13 Smugly12 Smurfs11 Smutch13 Smutty11 Smyrna11 Snacks12 Snails6 Snaked11 Snakes10 Snappy13 Snared7 Snarer6 Snares6 Snarky13 Snarls6 Snarly9 Snatch11 Snazzy27 Sneaks10 Sneaky13 Sneers6 Sneeze15 Sneezy18 Sniffs12 Sniffy15 Sniped9 Sniper8 Snipes8 Snitch11 Snivel9 Snobby13 Snoops8 Snoopy11 Snooty9 Snooze15 Snored7 Snorer6 Snores6 Snorts6 Snorty9 Snotty9 Snouts6 Snowed10 Snowin9 Snuffs12 Snugly10 Soaked11 Soaker10 Soakin10 Soaped9 Soared7 Sobbed11 Sobers8 Socage9 Soccer10 Social8 Socked13 Socket12 Sodded9 Sodden8 Sodium9 Sodoku11 Sodomy12 Soffit12 Soften9 Softer9 Softie9 Softly12 Soigne7 Soiled7 Soiree6 Solace8 Soland7 Solder7 Solely9 Solemn8 Soleus6 Solids7 Solute6 Solved10 Solver9 Solves9 Somali8 Somber10 Sombre10 Somite8 Sonant6 Sonars6 Sonata6 Sonnet6 Sonora6 Sonsie6 Sooner6 Soothe9 Sophie11 Sorbed9 Sorbet8 Sordid8 Sorely9 Sorgho10 Sorrel6 Sorrow9 Sorted7 Sorter6 Sortie6 Sortin6 Souari6 Soudan7 Sought10 Souled7 Sounds7 Souped9 Source8 Soured7 Sourly9 Soused7 Soviet9 Sovran9 Sowell9 Sowers9 Soweto9 Sowing10 Spaced11 Spacer10 Spaces10 Spacey13 Spacin10 Spaded10 Spades9 Spadix16 Spalla8 Spanks12 Spared9 Sparer8 Spares8 Sparge9 Sparid9 Sparks12 Sparse8 Sparta8 Spasms10 Spathe11 Spavin11 Spawns11 Spayed12 Speaks12 Spears8 Specie10 Specks14 Speech13 Speeds9 Speedy12 Spells8 Spends9 Spewed12 Spewer11 Sphere11 Sphinx18 Spiced11 Spicer10 Spices10 Spicey13 Spider9 Spiffy17 Spigot9 Spiked13 Spikes12 Spills8 Spinal8 Spinel8 Spines8 Spinet8 Spiral8 Spirea8 Spires8 Spirit8 Splash11 Spleen8 Splice10 Spliff14 Spline8 Splint8 Splits8 Splosh11 Spoils8 Spoilt8 Spoken12 Spokes12 Sponge9 Spongy12 Spoofs11 Spooks12 Spooky15 Spools8 Spoons8 Spores8 Sports8 Sporty11 Spoton8 Spotty11 Spouse8 Spouts8 Sprain8 Sprang9 Sprats8 Sprawl11 Sprays11 Spread9 Sprigs9 Spring9 Sprint8 Sprite8 Spritz17 Sprout8 Spruce10 Sprung9 Spunky15 Spurge9 Spurns8 Spurts8 Sputum10 Spying12 Squads16 Squall15 Squama17 Square15 Squark19 Squash18 Squats15 Squawk22 Squeak19 Squeal15 Squibs17 Squids16 Squill15 Squint15 Squire15 Squirm17 Squirt15 Squish18 Stable8 Stably11 Stacks12 Stacte8 Stadia7 Staffa12 Staffs12 Staged8 Stager7 Stages7 Stagey10 Stagin7 Stains6 Stairs6 Staked11 Stakes10 Stalin6 Stalks10 Stalls6 Stamen8 Stamps10 Stance8 Stanch11 Stands7 Stanza15 Stapes8 Staple8 Starch11 Stared7 Starer6 Stares6 Starns6 Starry9 Starts6 Starve9 Stasis6 Stated7 Stater6 States6 Static8 Statin6 Stator6 Statue6 Status6 Staved10 Staves9 Stayed10 Stayer9 Steady10 Steaks10 Steals6 Steams8 Steamy11 Steeds7 Steels6 Steely9 Steeps8 Steers6 Steffi12 Steffy15 Stelis6 Stemma10 Stench11 Step-in8 Step-up10 Steppe10 Stereo6 Sterns6 Sterol6 Stevia9 Stewed10 Sthene9 Sticks12 Sticky15 Stifle9 Stigma9 Stills6 Stilly9 Stilts6 Stings7 Stingy10 Stinks10 Stinky13 Stints6 Stipel8 Stitch11 Stoats6 Stocks12 Stocky15 Stodge8 Stodgy11 Stogie7 Stoics8 Stoked11 Stoker10 Stokes10 Stokin10 Stolen6 Stolid7 Stolon6 Stomps10 Stoned7 Stoner6 Stones6 Stonin6 Stooge7 Stools6 Stoops8 Storax13 Stored7 Stores6 Storey9 Storks10 Storms8 Stormy11 Storys9 Stover9 Stoves9 Stowed10 Strafe9 Strain6 Strait6 Strake10 Strand7 Straps8 Strata6 Straws9 Strays9 Streak10 Stream8 Street6 Stress6 Strewn9 Strict8 Stride7 Strife9 Strike10 String7 Stripe8 Strips8 Stripy11 Strive9 Strobe8 Strode7 Stroke10 Stroll6 Stroma8 Strong7 Strops8 Strove9 Struck12 Struma8 Strung7 Struts6 Stuart6 Stubby13 Stucco10 Studio7 Studys10 Stuffs12 Stuffy15 Stumps10 Stumpy13 Stunts6 Stupid9 Stupor8 Sturdy10 Styled10 Styler9 Styles9 Stylet9 Stylus9 Stymie11 Styrax16 Subbed11 Subdue9 Sublet8 Submit10 Suborn8 Subset8 Subtle8 Subtly11 Suburb10 Subway14 Succor10 Succus10 Sucked13 Sucker12 Suckle12 Sudate7 Sudden8 Sudoku11 Suffer12 Suffix19 Sugars7 Sugary10 Suited7 Suiter6 Suites6 Suitor6 Sulcus8 Sulfur9 Sulked11 Sullen6 Sulpha11 Sultan6 Sultry9 Sumach13 Summed11 Summer10 Summit10 Summon10 Sun-ray9 Sunbed9 Sundae7 Sunday10 Sunder7 Sundew10 Sundin7 Sundog8 Sundry10 Sunhat9 Sunken10 Sunlit6 Sunned7 Sunnin6 Sunray9 Sunset6 Suntan6 Superb10 Supers8 Supine8 Supped11 Supper10 Supple10 Supply13 Surely9 Surest6 Surety9 Surfed10 Surfer9 Surged8 Surges7 Surgin7 Surrey9 Surtax13 Survey12 Sushis9 Suslik10 Sutler6 Suttee6 Sutura6 Suture6 Svelte9 Swains9 Swamps13 Swampy16 Swanky16 Swarms11 Swatch14 Swathe12 Swayed13 Swayer12 Swazis18 Swears9 Sweats9 Sweaty12 Sweden10 Sweeps11 Sweets9 Swells9 Swerve12 Swifts12 Swines9 Swinge10 Swings10 Swingy13 Swiped12 Swipes11 Swirls9 Swishy15 Switch14 Swivel12 Swivet12 Swoons9 Swoops11 Swoosh12 Swords10 Sydney13 Sylphs14 Sylvan12 Sylvia12 Sylvie12 Symbol13 Syndic12 Synods10 Synset9 Syntax16 Syphon14 Syrian9 Syrinx16 Syrups11 Syrupy14 System11 Syzygy25 T-scope10 T-shirt9 Tabard9 Tabbed11 Tabled9 Tables8 Tablet8 Taboos8 Tabors8 Tabour8 Tacked13 Tacker12 Tackle12 Tactic10 Taddeo8 Taenia6 Tagged9 Tagger8 Taguan7 Tahini9 Tahiti9 Taichi11 Tailed7 Tailin6 Tailor6 Taints6 Taipan8 Taipei8 Taisho9 Taiwan9 Takahe13 Take-in10 Take-up12 Takers10 Taketh13 Taking11 Talcum10 Talent6 Talked11 Talker10 Talkie10 Taller6 Tallis6 Tallow9 Talmud9 Talons6 Tam-tam10 Tamale8 Tambac12 Tamely11 Tamers8 Tamest8 Taming9 Tamped11 Tamper10 Tampon10 Tandem9 Tangle7 Tanked11 Tanker10 Tanned7 Tanner6 Tannia6 Tannic8 Tannin6 Tannoy9 Tantra6 Taoist6 Tap-off14 Tapers8 Taping9 Tapley11 Tapped11 Tapper10 Tappet10 Tappin10 Target7 Tariff12 Tarmac10 Tarnow9 Tarpan8 Tarpon8 Tarred7 Tarsal6 Tarsus6 Tartan6 Tartar6 Tartly9 Tarzan15 Tasked11 Tassel6 Tasset6 Tasted7 Taster6 Tastes6 Taters6 Tatter6 Tattle6 Tattoo6 Taught10 Taunts6 Tauten6 Tauter6 Tautly9 Tautog7 Tavern9 Tavish12 Tawdry13 Taxied14 Taxies13 Taxing14 Taxman15 Taylor9 Teabag9 Teacup10 Teamed9 Teamer8 Teapot8 Teased7 Teasel6 Teaser6 Teases6 Techie11 Techno11 Tedium9 Teehee9 Teeing7 Teemed9 Teensy9 Teeoff12 Teepee8 Teeter6 Teethe9 Teflon9 Telfer9 Teller6 Temper10 Temple10 Tempts10 Tenant6 Tended8 Tender7 Tendon7 Tenets6 Tenner6 Tennis6 Tenors6 Tenpin8 Tenrec8 Tensed7 Tenser6 Tenses6 Tensor6 Tented7 Tenter6 Tenths9 Tenure6 Tercel8 Tercet8 Teredo7 Terete6 Termed9 Termer8 Termin8 Termly11 Terris6 Terror6 Terser6 Tesler6 Tested7 Testee6 Tester6 Testes6 Testis6 Testor6 Tetany9 Tetchy14 Tether9 Tetrad7 Tetryl9 Texaco15 Texans13 Texass13 Thames11 Thanks13 Thatch14 Thawed13 Theban11 Thebes11 Thefts12 Theirs9 Theism11 Theist9 Thelma11 Themas11 Themed12 Themes11 Thenal9 Thenar9 Thence11 Theory12 Therms11 Theses9 Thesis9 Thieve12 Thighs13 Things10 Thingy13 Thinks13 Thinly12 Thirds10 Thirst9 Thirty12 Thomas11 Thongs10 Thorax16 Thorns9 Thorny12 Though13 Thrall9 Thrash12 Thread10 Threat9 Three-d10 Threes9 Thresh12 Thrice11 Thrift12 Thrill9 Thrips11 Thrive12 Throat9 Throbs11 Throes9 Throne9 Throng10 Throve12 Thrown12 Throws12 Thrush12 Thrust9 Thumbs13 Thumps13 Thusly12 Thwack18 Thwart12 Thymol14 Thymus14 Thyrse12 Tiaras6 Tibbie10 Tibiae8 Tibial8 Ticked13 Ticker12 Ticket12 Tickle12 Tickly15 Tictac10 Tidbit9 Tiddly11 Tidied8 Tidier7 Tidies7 Tidily10 Tiding8 Tie-dye10 Tieing7 Tiepin8 Tierce8 Tiered7 Tiffin12 Tifton9 Tigers7 Tights10 Tiglon7 Tigris7 Tildes7 Tiling7 Tilled7 Tiller6 Tilted7 Tilter6 Tilton6 Timber10 Timbre10 Timely11 Timers8 Timing9 Timucu10 Tincan8 Tinder7 Tineid7 Tinged8 Tinges7 Tingey10 Tingle7 Tingly10 Tinier6 Tinker10 Tinkle10 Tinkly13 Tinman8 Tinned7 Tinner6 Tinpot8 Tinsel6 Tinted7 Tinter6 Tip-off14 Tip-top10 Tipoff14 Tipped11 Tipper10 Tippet10 Tipple10 Tiptoe8 Tiptop10 Tirade7 Tiring7 Tisane6 Tissue6 Titans6 Titbit8 Titfer9 Tither9 Tithes9 Titled7 Titles6 Titres6 Titter6 Tittle6 Tittup8 Toasts6 Toasty9 Tobago9 Toches11 Tocsin8 Todays10 Toddle8 Todies7 Toecap10 Toeing7 Toetoe6 Toffee12 Togged9 Toggle8 Toiled7 Toiler6 Toilet6 Toitoi6 Tokens10 Toland7 Toledo7 Tolled7 Toller6 Tom-tom10 Tomato8 Tombac12 Tombak14 Tomboy13 Tomcat10 Tomtit8 Tomtom10 Toners6 Tongan7 Tongue7 Tonics8 Toning7 Tonner6 Tonnes6 Tonsil6 Tonyas9 Tooled7 Tooted7 Toothy12 Tootle6 Tophus11 Topics10 Topped11 Topper10 Topple10 Torero6 Tories6 Torney9 Toroid7 Torpid9 Torpor8 Torque15 Torres6 Torrid7 Toss-up8 Tossed7 Tosser6 Tosses6 Tossup8 Totals6 Totara6 Totems8 Toting7 Totted7 Totter6 Toucan8 Touche11 Touchy14 Toughs10 Toupee8 Toured7 Tourer6 Tousle6 Touted7 Touter6 Towage10 Toward10 Towels9 Towers9 Towhee12 Towing10 Townee9 Towner9 Townie9 Toxics15 Toxins13 Toxoid14 Toying10 Trabue8 Traced9 Tracer8 Traces8 Tracin8 Tracks12 Tracts8 Traded8 Trader7 Trades7 Tragic9 Tragus7 Trails6 Trains6 Traits6 Tramps10 Trance8 Tranny9 Trashy12 Trauma8 Travel9 Trawls9 Treads7 Treats6 Treaty9 Treble8 Tremor8 Trench11 Trends7 Trendy10 Trepan8 Trepid9 Triads7 Triage7 Trials6 Tribal8 Tribes8 Tricks12 Tricky15 Tricot8 Trifid10 Trifle9 Trigon7 Trikes10 Trilby11 Trills6 Trimer8 Trimly11 Triode7 Triose6 Trip-up10 Triple8 Triply11 Tripod9 Tripos8 Trista6 Triton6 Triune6 Trivet9 Trivia9 Troche11 Trogon7 Troika10 Trojan13 Trolls6 Troops8 Tropes8 Trophy14 Tropic10 Trough10 Troupe8 Trouts6 Trowel9 Truant6 Truces8 Trucks12 Trudge8 Truest6 Truism8 Trumps10 Trunks10 Trusts6 Trusty9 Truths9 Trying10 Tryout9 Tsetse6 Tshirt9 Tsoris6 Tsuris6 Tswana9 Tuareg7 Tubers8 Tubful11 Tubing9 Tubman10 Tubule8 Tuchas11 Tuchus11 Tucked13 Tucker12 Tucket12 Tucson8 Tudung8 Tuffet12 Tufted10 Tugela7 Tugged9 Tugger8 Tugrik11 Tuille6 Tulips8 Tullio6 Tumble10 Tumefy14 Tumour8 Tumult8 Tundra7 Tune-up8 Tuners6 Tunica8 Tunics8 Tuning7 Tunnel6 Tupelo8 Turaco8 Turban8 Turbid9 Turbot8 Tureen6 Turfed10 Turgid8 Turgor7 Turkey13 Turkic12 Turn-on6 Turned7 Turner6 Turnip8 Turnup8 Turret6 Turtle6 Tuscan8 Tushes9 Tusked11 Tusker10 Tussah9 Tusseh9 Tusser6 Tussle6 Tussur6 Tut-tut6 Tutors6 Tuxedo14 Twangs10 Tweaks13 Tweeds10 Tweedy13 Tweets9 Tweeze18 Twelve12 Twenty12 Twiggy14 Twilit9 Twined10 Twiner9 Twines9 Twinge10 Twirls9 Twists9 Twisty12 Twitch14 Two-ply14 Two-toe9 Two-way15 Twofer12 Tycoon11 Tympan13 Typhus14 Typify17 Typing12 Typist11 Tyrant9 Tysons9 Tzetze24 U-drive10 Uakari10 Ubiety11 Uboats8 Udders8 Uganda8 Uglier7 Uglify13 Uhland10 Uintah9 Ulcers8 Ulitis6 Ullage7 Ullman8 Ulrick12 Ulster6 Ultima8 Ultimo8 Umbrae10 Umbras10 Umlaut8 Umpire10 Umteen8 Unable8 Unaged8 Unarms8 Unawed10 Unbars8 Unbelt8 Unbend9 Unbent8 Unbind9 Unbolt8 Unborn8 Uncase8 Uncial8 Unclad9 Uncles8 Unclip10 Unclog9 Uncoil8 Uncool8 Uncork12 Uncurl8 Undead8 Undies7 Undine7 Undock13 Undoer7 Undone7 Unduly10 Undyed11 Unease6 Uneasy9 Uneven9 Unfair9 Unfelt9 Unfirm11 Unfits9 Unfold10 Unfree9 Unfurl9 Ungual7 Unguis7 Unhand10 Unhewn12 Unholy12 Unhook13 Unhurt9 Uniate6 Unions6 Unique15 Unisex13 Unison6 United7 Unites6 Unjust13 Unkept12 Unkind11 Unknot10 Unlace8 Unlade7 Unlash9 Unless6 Unlike10 Unlink10 Unlive9 Unload7 Unlock12 Unmade9 Unmake12 Unmask12 Unmown11 Unopen8 Unpack14 Unpaid9 Unpick14 Unplug9 Unread7 Unreal6 Unreel6 Unrest6 Unripe8 Unroll6 Unruly9 Unsafe9 Unsaid7 Unseal6 Unseat6 Unseen6 Unsent6 Unsexy16 Unshod10 Unsold7 Unsown9 Unsung7 Unsure6 Unthaw12 Untidy10 Untied7 Untier6 Unties6 Untold7 Untrod7 Untrue6 Untune6 Unused7 Unveil9 Unwary12 Unwell9 Unwind10 Unwire9 Unwise9 Unworn9 Unwrap11 Unyoke13 Unzips17 Up-tick14 Upbeat10 Upcast10 Update9 Upheld12 Uphill11 Uphold12 Upkeep14 Upland9 Uplift11 Uplink12 Upload9 Upmost10 Uppers10 Upping11 Uppish13 Uppity13 Uprate8 Uprise8 Uproar8 Uproot8 Upsets8 Upshot11 Upside9 Uptake12 Uptick14 Uptime10 Uptown11 Upturn8 Upward12 Upwind12 Uracil8 Uranus6 Uranyl9 Urbane8 Urbans8 Urchin11 Urease6 Uremia8 Uremic10 Ureter6 Urgent7 Urging8 Urinal6 Ursine6 Usable8 Usages7 Usance8 Useful9 Ushers9 Usurer6 Uterus6 Utmost8 Utopia8 Utters6 Uturns6 Uveous9 Uvular9 Vacant11 Vacate11 Vacuum13 Vagary13 Vagile10 Vagina10 Vaguer10 Vainer9 Vainly12 Vaisya12 Valent9 Valets9 Valgus10 Valine9 Valise9 Valley12 Valour9 Valued10 Valuer9 Values9 Valuta9 Valved13 Valves12 Vamped14 Vamper13 Vandal10 Vanish12 Vanity12 Vanyas12 Vaping12 Vapors11 Vapour11 Vargas10 Varied10 Varies9 Varlet9 Varves12 Vassal9 Vaster9 Vastly12 Vatted10 Vaults9 Vector11 Veered10 Vegans10 Veggie11 Veiled10 Veilin9 Veinal9 Veined10 Velcro11 Velika13 Vellum11 Velour9 Velvet12 Vendee10 Vender10 Vendor10 Vendue10 Veneer9 Venial9 Venice11 Venire9 Venoms11 Venose9 Venous9 Vented10 Venter9 Venues9 Venule9 Verbal11 Verdin10 Verged11 Verger10 Verges10 Vergil10 Vergin10 Verify15 Verily12 Verity12 Vermin11 Vermis11 Vernal9 Vernix16 Vernon9 Verona9 Versed10 Verser9 Verses9 Versus9 Vertex16 Vervet12 Vesica11 Vesper11 Vespid12 Vessel9 Vestal9 Vested10 Vestry12 Vetoed10 Vetted10 Vexing17 Viable11 Viably14 Viagra10 Viands10 Vibist11 Vibrio11 Vicars11 Vickys18 Victim13 Victor11 Vicuna11 Videos10 Vienna9 Viewed13 Viewer12 Vigils10 Vigour10 Viking14 Vilely12 Vilest9 Vilify15 Villas9 Villus9 Vinery12 Vinify15 Vinous9 Vinton9 Vinyls12 Violas9 Violet9 Violin9 Vipers11 Virago10 Virgil10 Virgin10 Virile9 Virino9 Virion9 Viroid10 Virtue9 Viruss9 Visage10 Viscid12 Viscus11 Vision9 Visits9 Visors9 Vistas9 Visual9 Vitals9 Vitric11 Vivace14 Vivify18 Vixens16 Vizier18 Vizsla18 Vlasic11 Vocals11 Vodoun10 Voiced12 Voicer11 Voices11 Voided11 Voider10 Voland10 Volant9 Volary12 Volley12 Volume11 Volute9 Vomits11 Voodoo10 Vortex16 Votary12 Voters9 Voting10 Votive12 Vowels12 Vowing13 Voyage13 Voyeur12 Vulcan11 Vulgar10 Vulval12 Vulvar12 Wacker15 Wackos15 Wadded12 Waddle11 Waders10 Wading11 Wafers12 Waffle15 Wafted13 Wagers10 Wagged12 Waggle11 Waggly14 Waggon11 Waging11 Wagner10 Wagons10 Wailed10 Wailer9 Wailin9 Waists9 Waited10 Waiter9 Waitin9 Waived13 Waiver12 Waives12 Wakens13 Waking14 Walk-in13 Walk-on13 Walk-to13 Walk-up15 Walked14 Walker13 Walkup15 Wallah12 Walled10 Wallet9 Wallin9 Wallis9 Wallop11 Wallow12 Wallys12 Walnut9 Walrus9 Wamble13 Wampee13 Wampum15 Wander10 Wangle10 Waning10 Wanker13 Wanted10 Wanter9 Wanton9 Wapiti11 Warble11 Warded11 Warden10 Warder10 Warily12 Waring10 Warm-up13 Warmed12 Warmer11 Warmin11 Warmly14 Warmth14 Warmup13 Warned10 Warner9 Warped12 Warred10 Warren9 Warsaw12 Wasabi11 Washed13 Washer12 Washes12 Washup14 Wasted10 Waster9 Wastes9 Waters9 Watery12 Watson9 Wattle9 Wavers12 Wavier12 Wavily15 Waving13 Waxing17 Way-out12 Waylay15 Wayout12 Weaken13 Weaker13 Weakly16 Wealth12 Weaned10 Weapon11 Wearer9 Weasel9 Weaved13 Weaver12 Weaves12 Webbed14 Webber13 Webcam15 Webers11 Wedded12 Wedged12 Wedges11 Wedgie11 Wee-wee12 Weeded11 Weeder10 Weekly16 Weenie9 Weensy12 Weeper11 Weevil12 Weewee12 Weigel10 Weighs13 Weight13 Weirdo10 Weirdy13 Welded11 Welder10 Welkin13 Welled10 Welter9 Welton9 Wended11 Wendel10 Werent9 Wester9 Westly12 Wether12 Wetted10 Wetter9 Wexler16 Whacko18 Whacks18 Whacky21 Whaler12 Whales12 Whalin12 Whammy19 Wharfs15 Wheals12 Wheats12 Wheels12 Wheeze21 Wheezy24 Whelan12 Whelks16 Whence14 Whenll12 Wherry15 Whidah16 Whiffs18 Whiled13 Whiles12 Whilst12 Whimsy17 Whined13 Whiner12 Whines12 Whiney15 Whinny15 Whippy19 Whirls12 Whisks16 Whisky19 Whists12 Whited13 Whiten12 Whiter12 Whites12 Whitey15 Whitin12 Wholes12 Wholly15 Whoops14 Whoosh15 Whores12 Whorls12 Whydah19 Wiccan13 Wicked16 Wicker15 Wicket15 Wickup17 Wicopy16 Widder11 Widely13 Widens10 Widest10 Widget11 Widows13 Widths13 Wields10 Wieldy13 Wiener9 Wifely15 Wiffle15 Wigeon10 Wigged12 Wiggle11 Wiggly14 Wigwag14 Wigwam15 Wikiup15 Wilber11 Wilbur11 Wilcox18 Wilden10 Wilder10 Wildly13 Wilful12 Wilier9 Wiling10 Willed10 Willem11 Willet9 Willow12 Wilmar11 Wilmer11 Wilmot11 Wilson9 Wilted10 Wilton9 Wimble13 Wimple13 Winced12 Winces11 Wincey14 Winded11 Winder10 Windom12 Window13 Windup12 Winery12 Winged11 Winger10 Wining10 Winked14 Winker13 Winkle13 Winner9 Winnow12 Winona9 Winter9 Wintle9 Winton9 Wintry12 Wipers11 Wiping12 Wirier9 Wiring10 Wisdom12 Wisely12 Wisent9 Wisest9 Wished13 Wisher12 Wishes12 Witchy17 With-it12 Withal12 Wither12 Within12 Witmer11 Witted10 Witten9 Witter9 Wittol9 Wivern12 Wizard19 Wobble13 Wobbly16 Woeful12 Wolfed13 Wolves12 Womans11 Wombat13 Womble13 Wonder10 Wonted10 Wonton9 Wooded11 Wooden10 Woodin10 Woodsy13 Woofer12 Wooing10 Woolen9 Woolly12 Worded11 Worden10 Wordin10 Work-in13 Worked14 Worker13 Workin13 Worlds10 Worrel9 Worsen9 Worser9 Worthy15 Wounds10 Wowing13 Wraith12 Wrasse9 Wraths12 Wreaks13 Wreath12 Wrecks15 Wrench14 Wretch14 Wright13 Wrings10 Wrists9 Writer9 Writes9 Writhe12 Writin9 Wrongs10 Wyvern15 Xcviii18 Xeroma15 Xhosas16 Xlviii16 Xrayed17 Xxviii23 Xxxiii27 Xxxvii30 Xylene16 Xylose16 Yablon11 Yachts14 Yahoos12 Yahweh18 Yakuza22 Yammer13 Yanked14 Yankee13 Yanker13 Yappin13 Yarder10 Yardie10 Yarrow12 Yautia9 Yawned13 Yawner12 Yeaned10 Yearly12 Yearns9 Yeasts9 Yeasty12 Yelled10 Yeller9 Yellow12 Yelped12 Yemeni11 Yender10 Yeoman11 Yeomen11 Yes-man11 Yields10 Yippee13 Yodels10 Yogurt10 Yokels13 Yonder10 Yorker13 Youths12 Yuppie13 Zaftig19 Zagged18 Zamang18 Zambia19 Zapped20 Zapper19 Zappin19 Zealot15 Zebras17 Zenith18 Zephyr23 Zeroed16 Zeroes15 Zeroth18 Zeugma18 Zig-zag26 Zigzag26 Zilber17 Zillah18 Zilvia18 Zinger16 Zipped20 Zipper19 Zircon17 Zither18 Zodiac18 Zoftig19 Zombie19 Zonary18 Zoning16 Zonula15 Zonule15 Zoomed18 Zoster15 Zydeco21 Zygoma21 Zygote19 Zymoid